n,p,total_s,read_s,compute_s,write_s,gflops_total,gflops_compute
10000,1,1.152097493,0.927719575,0.224008391,0.000299975,0.173596,0.892824
10000,2,0.965382889,0.854058773,0.110547271,0.000720046,0.207172,1.809181
10000,3,0.887456387,0.812889138,0.073836216,0.000683075,0.225363,2.708698
10000,4,0.960018676,0.903438086,0.055805102,0.000699585,0.208329,3.583902
10000,5,0.86599283,0.81693272,0.048298439,0.000671307,0.230949,4.140921
10000,6,0.974837638,0.932306362,0.04171788,0.000715236,0.205162,4.794107
10000,7,1.003511338,0.967503139,0.035166511,0.000750153,0.1993,5.687229
10000,8,0.91450322,0.882525555,0.030823477,0.001021146,0.218698,6.488561
10000,9,1.111671411,1.082937433,0.027625063,0.001033157,0.179909,7.239802
10000,10,1.006373681,0.97839356,0.02712774,0.000736365,0.198733,7.372527
10000,11,0.917891441,0.894410489,0.022642229,0.000751213,0.217891,8.833053
10000,12,1.092478486,1.069215608,0.022348313,0.000789578,0.18307,8.949221
11000,1,1.336491243,1.070220367,0.265853432,0.000354636,0.181071,0.910276
11000,2,1.176240974,1.041619579,0.133861161,0.000688918,0.20574,1.807843
11000,3,1.208495366,1.111979291,0.095438317,0.000999147,0.200249,2.535669
11000,4,1.230573995,1.160499928,0.069190425,0.000825586,0.196656,3.497594
11000,5,1.100665208,1.04325212,0.056546845,0.000765556,0.219867,4.279638
11000,6,1.082868682,1.034219148,0.047801116,0.00077215,0.22348,5.062643
11000,7,1.338355686,1.296818565,0.040723584,0.000718577,0.180819,5.942503
11000,8,1.219222428,1.181153114,0.037159522,0.000783351,0.198487,6.512463
11000,9,1.136494575,1.10196925,0.033718104,0.000737775,0.212935,7.177153
11000,10,1.095164085,1.063281888,0.03065569,0.001112209,0.220971,7.89413
11000,11,1.282178801,1.252220977,0.028710902,0.001136287,0.188741,8.428854
11000,12,1.349389406,1.322072538,0.026134209,0.001084622,0.17934,9.259894
12000,1,1.641383009,1.317864855,0.323046012,0.000405949,0.175462,0.891514
12000,2,1.41970599,1.25655206,0.162282391,0.000768896,0.202859,1.774684
12000,3,1.252547388,1.146122154,0.105603317,0.00076176,0.229931,2.727187
12000,4,1.448915668,1.360389983,0.087645626,0.000804013,0.198769,3.28596
12000,5,1.395117653,1.326992892,0.067244122,0.000785738,0.206434,4.282902
12000,6,1.458571802,1.400282363,0.057408416,0.000775098,0.197453,5.016686
12000,7,1.438234895,1.387497676,0.049797866,0.000783762,0.200245,5.78338
12000,8,1.422163364,1.375211972,0.045622003,0.001187817,0.202508,6.312743
12000,9,1.41981109,1.379385533,0.03938156,0.000850342,0.202844,7.313067
12000,10,1.369010636,1.33131159,0.036724876,0.000852937,0.210371,7.842096
12000,11,1.545652243,1.510840304,0.033589969,0.001058362,0.186329,8.573988
12000,12,1.565029008,1.532971061,0.030640064,0.001286699,0.184022,9.399458
13000,1,1.915289307,1.528466572,0.386395546,0.000356354,0.176475,0.874751
13000,2,1.896255194,1.705863852,0.189476927,0.000795915,0.178246,1.783858
13000,3,1.482036484,1.356160388,0.125034634,0.000776066,0.228065,2.703251
13000,4,1.433653318,1.33455892,0.098135944,0.000870516,0.235761,3.444202
13000,5,1.607010941,1.525951759,0.079918904,0.001040671,0.210328,4.229287
13000,6,1.612510231,1.54607553,0.065547047,0.000804747,0.209611,5.156601
13000,7,1.677815856,1.617517294,0.059423051,0.00077346,0.201452,5.688028
13000,8,1.75100359,1.686476104,0.06263926,0.001710373,0.193032,5.395977
13000,9,1.663604622,1.616020104,0.04664285,0.000831554,0.203173,7.246555
13000,10,1.795770451,1.741517427,0.051801313,0.001187133,0.18822,6.524931
13000,11,1.701813832,1.662245561,0.038586091,0.000876823,0.198612,8.759633
13000,12,1.690358724,1.651870503,0.037358149,0.001006614,0.199958,9.047557
14000,1,2.203969765,1.773425485,0.430086532,0.000383867,0.177861,0.911444
14000,2,2.013923902,1.790859675,0.222221776,0.000744486,0.194645,1.764004
14000,3,1.837419694,1.689977617,0.146517861,0.000862806,0.213343,2.675442
14000,4,1.871359055,1.75880322,0.11169646,0.000772473,0.209473,3.509511
14000,5,1.879616031,1.78950948,0.089032315,0.000971911,0.208553,4.402896
14000,6,1.976253844,1.896027137,0.079023274,0.001119203,0.198355,4.960564
14000,7,1.884668049,1.811557267,0.072017084,0.000998744,0.207994,5.443153
14000,8,1.905811864,1.842946326,0.061918931,0.000875004,0.205687,6.330859
14000,9,1.841545385,1.784790775,0.055428091,0.001222011,0.212865,7.072226
14000,10,1.924021289,1.873590708,0.049116124,0.001147049,0.20374,7.981086
14000,11,1.930465134,1.88011457,0.048418313,0.001349051,0.20306,8.09611
14000,12,1.991842105,1.94860031,0.041811415,0.001193791,0.196803,9.37543
15000,1,2.538990135,2.043216755,0.495272699,0.000407936,0.177236,0.90859
15000,2,2.409494017,2.151625579,0.256925049,0.00080962,0.186761,1.751484
15000,3,2.19407378,2.02619409,0.16697679,0.000806062,0.205098,2.694985
15000,4,2.600400377,2.455276525,0.144157751,0.00088171,0.17305,3.12158
15000,5,2.124118238,2.002793661,0.120295963,0.000908221,0.211853,3.740774
15000,6,2.37365208,2.284035249,0.088676419,0.000853506,0.189581,5.07463
15000,7,2.407173611,2.312948985,0.093044278,0.001027903,0.186941,4.836407
15000,8,2.346222389,2.275409751,0.069109262,0.00157093,0.191798,6.511428
15000,9,2.26737321,2.202631898,0.063433458,0.001163973,0.198468,7.094048
15000,10,2.368118241,2.308968526,0.058126803,0.000925781,0.190024,7.741695
15000,11,2.456160555,2.401667616,0.053516584,0.000853923,0.183213,8.408608
15000,12,2.488307766,2.404697107,0.082378737,0.001121506,0.180846,5.462575
16000,1,3.36714482,2.793913551,0.572674328,0.000465453,0.152058,0.894051
16000,2,2.804807564,2.517445876,0.284616378,0.001038771,0.182544,1.798913
16000,3,2.393417964,2.210562854,0.181853996,0.000897262,0.21392,2.815445
16000,4,2.297023467,2.153961973,0.142065154,0.00086856,0.222897,3.60398
16000,5,2.53932426,2.409856674,0.128470051,0.000890265,0.201628,3.985365
16000,6,2.525858779,2.416151043,0.108188309,0.001229687,0.202703,4.732489
16000,7,2.536608112,2.443249551,0.092314171,0.000882944,0.201844,5.546277
16000,8,2.591113079,2.510525734,0.07929945,0.001177684,0.197598,6.456539
16000,9,2.524275985,2.450305913,0.07262209,0.001207303,0.20283,7.050196
16000,10,2.737385679,2.672024357,0.064228731,0.000974838,0.18704,7.97151
16000,11,2.641408749,2.580085896,0.059609121,0.001400217,0.193836,8.58929
16000,12,2.804789482,2.748355217,0.055021137,0.001250355,0.182545,9.305515
17000,1,3.06943122,2.424086136,0.644759261,0.000498882,0.188309,0.896459
17000,2,3.559943958,3.210945094,0.347652674,0.001236781,0.162362,1.662579
17000,3,2.734280818,2.515632097,0.21750138,0.001070011,0.21139,2.657454
17000,4,2.683244195,2.520421714,0.16183595,0.000898634,0.215411,3.571518
17000,5,2.700589944,2.560484639,0.138828291,0.00115548,0.214027,4.163417
17000,6,2.733659608,2.612876818,0.119308256,0.001322205,0.211438,4.844593
17000,7,2.793159982,2.689380833,0.102719597,0.000968633,0.206934,5.626969
17000,8,2.931616023,2.840214635,0.090285879,0.001012547,0.197161,6.401887
17000,9,2.891046954,2.813645603,0.076396346,0.000916754,0.199928,7.565807
17000,10,2.826507692,2.7566704,0.068764448,0.000971616,0.204493,8.405506
17000,11,2.928845953,2.860091467,0.067399956,0.001224539,0.197347,8.575673
17000,12,3.018494126,2.955559915,0.061484407,0.001359687,0.191486,9.400757
18000,1,3.461255427,2.740596052,0.719867231,0.000684542,0.187215,0.900166
18000,2,4.064345842,3.703951483,0.359429528,0.000867905,0.159435,1.802857
18000,3,3.171787938,2.917904923,0.252792643,0.000999632,0.204301,2.563366
18000,4,3.181715981,2.999977115,0.180751756,0.000888038,0.203664,3.585027
18000,5,3.209387496,3.051533572,0.156616572,0.000940085,0.201908,4.137493
18000,6,3.141324406,3.005702476,0.13454148,0.001010112,0.206282,4.816358
18000,7,3.274428592,3.145452997,0.127776139,0.001054156,0.197897,5.071369
18000,8,3.723220146,3.610621623,0.111385765,0.001055294,0.174043,5.81762
18000,9,3.27858057,3.192243902,0.08530579,0.000935818,0.197647,7.596202
18000,10,3.172746672,3.094720979,0.07692151,0.000967816,0.204239,8.424172
18000,11,3.394467423,3.319912492,0.07315756,0.001298653,0.190899,8.857594
18000,12,3.232860114,3.160795986,0.070979981,0.000976474,0.200442,9.129335
19000,1,3.865288694,3.031698139,0.832973488,0.000528219,0.186791,0.866774
19000,2,4.420825262,4.03177523,0.386876732,0.001208188,0.163318,1.866228
19000,3,3.642279989,3.356274659,0.284870126,0.000987737,0.198227,2.534488
19000,4,3.489592001,3.273890818,0.214478937,0.001115454,0.206901,3.366298
19000,5,3.488056791,3.304605797,0.181941633,0.001393124,0.206992,3.968306
19000,6,4.051547611,3.880322031,0.170043841,0.001093135,0.178204,4.245964
19000,7,3.90262363,3.78266178,0.118548517,0.001317438,0.185004,6.090333
19000,8,3.291096705,3.186346978,0.103710466,0.000917223,0.21938,6.961689
19000,9,3.696759002,3.594668219,0.100931825,0.001039936,0.195306,7.153343
19000,10,3.833758553,3.73570492,0.096123154,0.001718562,0.188327,7.511198
19000,11,3.714554158,3.626676285,0.086674597,0.001050335,0.194371,8.330007
19000,12,3.559048542,3.48159681,0.075924786,0.001328677,0.202863,9.509411
20000,1,4.688307338,3.748678013,0.938928589,0.000573386,0.170637,0.852035
20000,2,5.521717728,5.062483102,0.458123211,0.000935934,0.144882,1.746255
20000,3,4.000647991,3.694597995,0.304986038,0.000967493,0.199968,2.623071
20000,4,3.819734266,3.581644616,0.236568997,0.001422842,0.209439,3.381677
20000,5,3.601632223,3.412361736,0.188269653,0.000897222,0.222122,4.249224
20000,6,3.879658994,3.725923298,0.152623135,0.001011233,0.206204,5.241669
20000,7,3.748488979,3.609685843,0.137712238,0.000978716,0.213419,5.809215
20000,8,3.927843857,3.802211857,0.124412076,0.001065647,0.203674,6.430244
20000,9,3.969333299,3.856164218,0.112009247,0.001046443,0.201545,7.142267
20000,10,4.424985135,4.303681184,0.119685772,0.001455031,0.180792,6.68417
20000,11,4.420022809,4.322768195,0.095665048,0.001445075,0.180995,8.362511
20000,12,4.551341185,4.460402649,0.089446967,0.001355967,0.175772,8.943847
