size,N,threads,iterations,time,speedup,efficiency
128x128,128,1,10,0.000991702025,1.0,1.0
128x128,128,2,10,0.0008462667500000001,1.171855121331424,0.585927560665712
128x128,128,3,10,0.000883936875,1.1219149840309581,0.37397166134365273
128x128,128,4,10,0.001013517475,0.9784755067987357,0.24461887669968393
128x128,128,5,10,0.0011333820999999999,0.8749935480717405,0.1749987096143481
128x128,128,6,10,0.00143826025,0.6895150060637496,0.1149191676772916
128x128,128,7,10,0.00137650975,0.7204467857928358,0.10292096939897655
128x128,128,8,10,0.001500726,0.6608148489464433,0.08260185611830541
128x128,128,9,10,0.00161278225,0.6149013761777202,0.0683223751308578
128x128,128,10,10,0.00173747525,0.570771885815352,0.057077188581535196
128x128,128,11,10,0.00186282375,0.5323649244862806,0.0483968113169346
128x128,128,12,10,0.00216323125,0.45843551169113333,0.038202959307594445
192x192,192,1,10,0.00224798925,1.0,1.0
192x192,192,2,10,0.00151026225,1.4884760908246235,0.7442380454123118
192x192,192,3,10,0.00126498925,1.7770817024729655,0.5923605674909885
192x192,192,4,10,0.00138771525,1.619921125749681,0.40498028143742026
192x192,192,5,10,0.00136524425,1.6465839354386589,0.32931678708773177
192x192,192,6,10,0.00156527775,1.436159972247737,0.23935999537462282
192x192,192,7,10,0.00184398875,1.2190905448853742,0.17415579212648202
192x192,192,8,10,0.0019707085,1.1407010473644377,0.1425876309205547
192x192,192,9,10,0.001862526,1.2069572451606045,0.1341063605734005
192x192,192,10,10,0.00203228,1.1061415011710984,0.11061415011710984
192x192,192,11,10,0.002115011,1.0628735500666426,0.0966248681878766
192x192,192,12,10,0.00228124875,0.9854204851619096,0.08211837376349247
256x256,256,1,10,0.0038025380000000003,1.0,1.0
256x256,256,2,10,0.0024015307500000003,1.5833809331818882,0.7916904665909441
256x256,256,3,10,0.00193798525,1.9621088447396595,0.6540362815798865
256x256,256,4,10,0.00192677975,1.973519806817567,0.49337995170439175
256x256,256,5,10,0.0019668339999999998,1.933329401464486,0.38666588029289717
256x256,256,6,10,0.0019075275,1.9934381024651022,0.3322396837441837
256x256,256,7,10,0.00201559075,1.886562537558778,0.2695089339369683
256x256,256,8,10,0.00220847125,1.7217964689375063,0.21522455861718828
256x256,256,9,10,0.0022128225,1.7184107627249816,0.19093452919166462
256x256,256,10,10,0.0022678374999999997,1.676724192099302,0.1676724192099302
256x256,256,11,10,0.002497792,1.522359748129548,0.13839634073904983
256x256,256,12,10,0.00262272375,1.4498431258724829,0.12082026048937357
128x128,128,1,30,0.00283396225,1.0,1.0
128x128,128,2,30,0.0020530225,1.3803853830145554,0.6901926915072777
128x128,128,3,30,0.0022214057499999997,1.2757517396360392,0.4252505798786797
128x128,128,4,30,0.00256526475,1.1047445492711816,0.2761861373177954
128x128,128,5,30,0.00302076325,0.9381609929212427,0.18763219858424854
128x128,128,6,30,0.0033379795,0.849005288977958,0.14150088149632634
128x128,128,7,30,0.00349783875,0.810203800847023,0.11574340012100329
128x128,128,8,30,0.003865242,0.7331914146643341,0.09164892683304177
128x128,128,9,30,0.004087925,0.6932520166098938,0.07702800184554376
128x128,128,10,30,0.0047162770000000005,0.600889695410172,0.0600889695410172
128x128,128,11,30,0.0048832895,0.5803387757371338,0.052758070521557614
128x128,128,12,30,0.0050637725,0.5596543387365842,0.04663786156138202
192x192,192,1,30,0.0058422685,1.0,1.0
192x192,192,2,30,0.00381660475,1.530750204091739,0.7653751020458694
192x192,192,3,30,0.00337606675,1.7304955537386812,0.576831851246227
192x192,192,4,30,0.00331473375,1.762515164302412,0.440628791075603
192x192,192,5,30,0.0033705235,1.733341571420582,0.3466683142841164
192x192,192,6,30,0.0040895345,1.4285900999245758,0.2380983499874293
192x192,192,7,30,0.004476726,1.3050315118682716,0.1864330731240388
192x192,192,8,30,0.00463551275,1.2603284286080325,0.15754105357600406
192x192,192,9,30,0.0047897700000000005,1.2197388392344517,0.13552653769271686
192x192,192,10,30,0.00556772925,1.0493090158793192,0.10493090158793192
192x192,192,11,30,0.00542122125,1.0776664944268783,0.0979696813115344
192x192,192,12,30,0.00603652,0.9678206151888836,0.08065171793240697
256x256,256,1,30,0.010408042499999999,1.0,1.0
256x256,256,2,30,0.006204486,1.6775027778288158,0.8387513889144079
256x256,256,3,30,0.0048087835,2.1643815946382277,0.7214605315460759
256x256,256,4,30,0.00449419,2.315888402582,0.5789721006455
256x256,256,5,30,0.00460279,2.261246439659424,0.4522492879318848
256x256,256,6,30,0.0044810175,2.322696240307028,0.38711604005117134
256x256,256,7,30,0.00525254,1.9815256047550327,0.2830750863935761
256x256,256,8,30,0.00640463825,1.6250789027779984,0.2031348628472498
256x256,256,9,30,0.00574952375,1.810244283276506,0.20113825369738955
256x256,256,10,30,0.006380081,1.6313339125318314,0.16313339125318313
256x256,256,11,30,0.00700706225,1.4853646405096512,0.13503314913724102
256x256,256,12,30,0.00623226175,1.6700265357115336,0.13916887797596114
128x128,128,1,50,0.004392028,1.0,1.0
128x128,128,2,50,0.003431797,1.279804137599048,0.639902068799524
128x128,128,3,50,0.0032870175,1.3361742065565516,0.4453914021855172
128x128,128,4,50,0.00390070675,1.1259569820263982,0.28148924550659954
128x128,128,5,50,0.004023969,1.0914666589131279,0.21829333178262558
128x128,128,6,50,0.0049862265,0.8808320279874973,0.1468053379979162
128x128,128,7,50,0.00547373275,0.8023826154099322,0.1146260879157046
128x128,128,8,50,0.005899489,0.7444760046166711,0.09305950057708388
128x128,128,9,50,0.00640672475,0.6855340554469739,0.07617045060521932
128x128,128,10,50,0.0068664550000000005,0.6396354450731855,0.06396354450731855
128x128,128,11,50,0.0073292850000000005,0.5992437188620717,0.054476701714733795
128x128,128,12,50,0.007668554750000001,0.5727321696438302,0.04772768080365252
192x192,192,1,50,0.00955921425,1.0,1.0
192x192,192,2,50,0.0062147975,1.5381376867066063,0.7690688433533032
192x192,192,3,50,0.00529021025,1.8069630124814038,0.602321004160468
192x192,192,4,50,0.0052173735,1.8321889835949066,0.45804724589872664
192x192,192,5,50,0.0051146745,1.8689780258743738,0.37379560517487476
192x192,192,6,50,0.0059314965,1.6116024429922533,0.26860040716537553
192x192,192,7,50,0.007121205,1.3423590881037688,0.1917655840148241
192x192,192,8,50,0.00750100625,1.2743909192183382,0.15929886490229228
192x192,192,9,50,0.00773328525,1.2361129766938312,0.13734588629931457
192x192,192,10,50,0.00770097975,1.2412984529663256,0.12412984529663255
192x192,192,11,50,0.008379042,1.140848112469182,0.10371346476992564
192x192,192,12,50,0.00870353,1.0983146206194498,0.09152621838495416
256x256,256,1,50,0.017002524999999998,1.0,1.0
256x256,256,2,50,0.01008749,1.685506007936563,0.8427530039682815
256x256,256,3,50,0.007864773,2.1618583269981215,0.7206194423327071
256x256,256,4,50,0.00697052475,2.43920301696081,0.6098007542402025
256x256,256,5,50,0.00700777775,2.4262363343358024,0.48524726686716046
256x256,256,6,50,0.0071994065,2.3616564782110854,0.3936094130351809
256x256,256,7,50,0.008148253,2.086646671378515,0.29809238162550217
256x256,256,8,50,0.00882220275,1.9272426038950414,0.24090532548688018
256x256,256,9,50,0.00906169425,1.8763075128031381,0.20847861253368202
256x256,256,10,50,0.0094839335,1.7927714275938351,0.1792771427593835
256x256,256,11,50,0.0094125865,1.8063605577489246,0.16421459615899314
256x256,256,12,50,0.009498178999999999,1.790082604254984,0.149173550354582
128x128,128,1,70,0.0060251952499999996,1.0,1.0
128x128,128,2,70,0.00455975525,1.3213856708646805,0.6606928354323403
128x128,128,3,70,0.004651308,1.2953765370945118,0.43179217903150396
128x128,128,4,70,0.00500059125,1.2048965709804813,0.3012241427451203
128x128,128,5,70,0.00577718,1.0429301579663435,0.2085860315932687
128x128,128,6,70,0.00657832625,0.9159161496436878,0.15265269160728132
128x128,128,7,70,0.0071765184999999995,0.8395707821278521,0.11993868316112173
128x128,128,8,70,0.0076757075,0.7849693660160968,0.0981211707520121
128x128,128,9,70,0.008535266,0.705917689032773,0.07843529878141922
128x128,128,10,70,0.009145856,0.6587896474643816,0.06587896474643816
128x128,128,11,70,0.009803176,0.6146166558674453,0.055874241442495025
128x128,128,12,70,0.0103285295,0.5833546053191793,0.048612883776598274
192x192,192,1,70,0.012964070000000001,1.0,1.0
192x192,192,2,70,0.008567035,1.5132505003189551,0.7566252501594776
192x192,192,3,70,0.0071737765,1.8071471839135218,0.6023823946378406
192x192,192,4,70,0.006826222,1.8991573962874342,0.47478934907185855
192x192,192,5,70,0.007327974,1.769120632797005,0.353824126559401
192x192,192,6,70,0.008050739749999999,1.61029550110597,0.2683825835176617
192x192,192,7,70,0.00981545475,1.3207813932411028,0.18868305617730038
192x192,192,8,70,0.01029926525,1.2587373647843472,0.1573421705980434
192x192,192,9,70,0.010569275,1.2265808203495512,0.1362867578166168
192x192,192,10,70,0.0106946825,1.212197744065801,0.12121977440658009
192x192,192,11,70,0.0110557675,1.1726069673588921,0.10660063339626293
192x192,192,12,70,0.0119616975,1.0837985160551,0.09031654300459167
256x256,256,1,70,0.0233306875,1.0,1.0
256x256,256,2,70,0.014111757499999999,1.6532800751430148,0.8266400375715074
256x256,256,3,70,0.010679545,2.184614372616062,0.7282047908720206
256x256,256,4,70,0.009682536,2.409563723801285,0.6023909309503213
256x256,256,5,70,0.00926905875,2.51705034235542,0.5034100684710839
256x256,256,6,70,0.0099358565,2.3481304807491936,0.3913550801248656
256x256,256,7,70,0.0119289775,1.9557994388035354,0.27939991982907647
256x256,256,8,70,0.011982145,1.9471211122883256,0.2433901390360407
256x256,256,9,70,0.012432934999999999,1.8765229207745395,0.20850254675272661
256x256,256,10,70,0.01285827,1.8144499609978635,0.18144499609978634
256x256,256,11,70,0.0129225225,1.805428274549338,0.1641298431408489
256x256,256,12,70,0.0130482325,1.7880343180580205,0.14900285983816838
128x128,128,1,90,0.0073720215,1.0,1.0
128x128,128,2,90,0.0061359405,1.2014493132715351,0.6007246566357676
128x128,128,3,90,0.00603026125,1.222504497628523,0.4075014992095077
128x128,128,4,90,0.00620603575,1.1878793157129333,0.2969698289282333
128x128,128,5,90,0.0074598195,0.9882305463289025,0.1976461092657805
128x128,128,6,90,0.008785486,0.8391136813603709,0.1398522802267285
128x128,128,7,90,0.0093735455,0.7864709783507212,0.11235299690724589
128x128,128,8,90,0.0098620065,0.7475174042929297,0.09343967553661621
128x128,128,9,90,0.01072973,0.6870649587641069,0.07634055097378965
128x128,128,10,90,0.0114935025,0.6414077432009955,0.06414077432009954
128x128,128,11,90,0.012348055,0.5970188422387169,0.05427444020351972
128x128,128,12,90,0.0131077775,0.5624158252609949,0.04686798543841624
192x192,192,1,90,0.83335048,1.0,1.0
192x192,192,2,90,0.0106225625,78.45098393160784,39.22549196580392
192x192,192,3,90,0.00935709475,89.0608145225846,29.686938174194864
192x192,192,4,90,0.008746206749999999,95.28136068816349,23.820340172040872
192x192,192,5,90,0.00900530825,92.53991722049048,18.507983444098095
192x192,192,6,90,0.010107755749999999,82.44663806800041,13.741106344666735
192x192,192,7,90,0.012218775,68.20245728397487,9.743208183424981
192x192,192,8,90,0.01309681,63.63003510015034,7.953754387518792
192x192,192,9,90,0.013853787499999999,60.15325989372943,6.683695543747714
192x192,192,10,90,0.013568995,61.415785030505205,6.14157850305052
192x192,192,11,90,0.01432693,58.1667168053449,5.287883345940445
192x192,192,12,90,0.0157687075,52.84836946845517,4.404030789037931
256x256,256,1,90,0.0294526825,1.0,1.0
256x256,256,2,90,0.0182464725,1.6141576132044153,0.8070788066022077
256x256,256,3,90,0.01563698,1.8835275417631792,0.6278425139210597
256x256,256,4,90,0.013116835,2.2454107641058227,0.5613526910264557
256x256,256,5,90,0.013009844999999999,2.263876510442669,0.4527753020885338
256x256,256,6,90,0.0130694525,2.253551363379606,0.37559189389660097
256x256,256,7,90,0.01568246,1.8780652078819269,0.26829502969741814
256x256,256,8,90,0.016565622500000002,1.7779399778064482,0.22224249722580602
256x256,256,9,90,0.017446694999999998,1.6881525412119605,0.1875725045791067
256x256,256,10,90,0.0173645625,1.6961373199008039,0.1696137319900804
256x256,256,11,90,0.017773030000000002,1.6571559548371886,0.15065054134883532
256x256,256,12,90,0.0181625475,1.6216162683125812,0.13513468902604844
128x128,128,1,110,0.00968414525,1.0,1.0
128x128,128,2,110,0.0076703432499999995,1.2625439220076624,0.6312719610038312
128x128,128,3,110,0.00772219875,1.2540657866388119,0.41802192887960393
128x128,128,4,110,0.00825673325,1.1728785412802332,0.2932196353200583
128x128,128,5,110,0.0091175435,1.0621441235789004,0.2124288247157801
128x128,128,6,110,0.0103952275,0.9315953162160232,0.15526588603600386
128x128,128,7,110,0.012398062500000001,0.7811015027549667,0.11158592896499524
128x128,128,8,110,0.012283265,0.7884015569150384,0.0985501946143798
128x128,128,9,110,0.0138655275,0.6984332366727483,0.0776036929636387
128x128,128,10,110,0.01472348,0.6577348052226782,0.06577348052226782
128x128,128,11,110,0.01573521,0.6154442965807256,0.055949481507338694
128x128,128,12,110,0.01764792,0.5487414522504634,0.045728454354205285
192x192,192,1,110,0.02167976,1.0,1.0
192x192,192,2,110,0.01423073,1.5234467943668384,0.7617233971834192
192x192,192,3,110,0.01207453,1.7954951455667425,0.5984983818555808
192x192,192,4,110,0.011416195,1.8990355367966296,0.4747588841991574
192x192,192,5,110,0.011974572499999999,1.8104830047168698,0.362096600943374
192x192,192,6,110,0.0130470425,1.6616608706532534,0.2769434784422089
192x192,192,7,110,0.016019285,1.3533537857650948,0.19333625510929925
192x192,192,8,110,0.0168644775,1.2855281167175205,0.16069101458969007
192x192,192,9,110,0.0166802975,1.299722621853717,0.144413624650413
192x192,192,10,110,0.017140745,1.2648085016141364,0.12648085016141364
192x192,192,11,110,0.0176244975,1.230092375683335,0.11182657960757592
192x192,192,12,110,0.02007246,1.0800748886783185,0.0900062407231932
256x256,256,1,110,0.0381674775,1.0,1.0
256x256,256,2,110,0.023060262499999998,1.6551189519199967,0.8275594759599983
256x256,256,3,110,0.022768795,1.6763064316754575,0.5587688105584858
256x256,256,4,110,0.0162297475,2.3516987864413785,0.5879246966103446
256x256,256,5,110,0.016716955,2.2831596723207066,0.4566319344641413
256x256,256,6,110,0.0171382425,2.2270356776664815,0.37117261294441356
256x256,256,7,110,0.018838225,2.026065486530711,0.2894379266472444
256x256,256,8,110,0.02007073,1.9016486943922817,0.2377060867990352
256x256,256,9,110,0.0207253125,1.8415875514542905,0.20462083905047673
256x256,256,10,110,0.021100225,1.808865900719068,0.1808865900719068
256x256,256,11,110,0.021319209999999998,1.7902857329141184,0.16275324844673802
256x256,256,12,110,0.0212262275,1.7981281647904697,0.14984401373253914
128x128,128,1,130,0.01161307,1.0,1.0
128x128,128,2,130,0.00905162075,1.2829823874359738,0.6414911937179869
128x128,128,3,130,0.00850576175,1.3653180445596187,0.45510601485320623
128x128,128,4,130,0.0094435215,1.2297393509402186,0.30743483773505464
128x128,128,5,130,0.0103274575,1.1244848986306648,0.22489697972613296
128x128,128,6,130,0.0119414325,0.9725022521376727,0.1620837086896121
128x128,128,7,130,0.014268099999999999,0.8139184614629839,0.1162740659232834
128x128,128,8,130,0.01521498,0.7632655448774825,0.09540819310968532
128x128,128,9,130,0.0161764625,0.7178992316768886,0.07976658129743207
128x128,128,10,130,0.01803243,0.6440102637304013,0.06440102637304013
128x128,128,11,130,0.018738985,0.6197278027598613,0.056338891159987387
128x128,128,12,130,0.0210213075,0.5524428011911248,0.0460369000992604
192x192,192,1,130,0.0250350225,1.0,1.0
192x192,192,2,130,0.016701997500000003,1.4989238562633,0.74946192813165
192x192,192,3,130,0.014246225,1.7573092170031008,0.5857697390010336
192x192,192,4,130,0.013386430000000001,1.870179166514149,0.46754479162853724
192x192,192,5,130,0.01369619,1.8278822431639747,0.3655764486327949
192x192,192,6,130,0.0151231875,1.6554064743295684,0.27590107905492806
192x192,192,7,130,0.0188395375,1.328855472168571,0.18983649602408156
192x192,192,8,130,0.0202544925,1.236023193373026,0.15450289917162824
192x192,192,9,130,0.02050531,1.2209043657472138,0.1356560406385793
192x192,192,10,130,0.0228099825,1.097546764886821,0.10975467648868209
192x192,192,11,130,0.0244842175,1.0224963285022282,0.09295421168202074
192x192,192,12,130,0.02322817,1.0777871222743765,0.08981559352286471
256x256,256,1,130,0.0444104075,1.0,1.0
256x256,256,2,130,0.02700597,1.644466297637152,0.822233148818576
256x256,256,3,130,0.021452545,2.070169646538441,0.690056548846147
256x256,256,4,130,0.0186492225,2.3813543701352695,0.5953385925338174
256x256,256,5,130,0.01818484,2.442166524423641,0.48843330488472814
256x256,256,6,130,0.0185149925,2.3986187139962385,0.39976978566603977
256x256,256,7,130,0.0222388525,1.996973877136871,0.2852819824481244
256x256,256,8,130,0.0237310525,1.8714048818525855,0.23392561023157318
256x256,256,9,130,0.024795535,1.791064701769895,0.1990071890855439
256x256,256,10,130,0.0245990725,1.805369186175617,0.1805369186175617
256x256,256,11,130,0.025581002499999998,1.736069862781961,0.1578245329801783
256x256,256,12,130,0.0265390275,1.673399957854522,0.13944999648787684
128x128,128,1,150,0.013193252499999999,1.0,1.0
128x128,128,2,150,0.01095104,1.2047488183770672,0.6023744091885336
128x128,128,3,150,0.0106247075,1.2417520670569047,0.41391735568563487
128x128,128,4,150,0.011853695000000001,1.1130075896165708,0.2782518974041427
128x128,128,5,150,0.01356906,0.9723040873870407,0.19446081747740812
128x128,128,6,150,0.01655102,0.7971262496208692,0.13285437493681154
128x128,128,7,150,0.017403244999999998,0.758091522586736,0.10829878894096227
128x128,128,8,150,0.0171765075,0.7680986661578321,0.09601233326972901
128x128,128,9,150,0.0186315175,0.7081147576948575,0.07867941752165084
128x128,128,10,150,0.02007681,0.65713888311938,0.065713888311938
128x128,128,11,150,0.0216022125,0.610736168806783,0.05552146989152573
128x128,128,12,150,0.023605465,0.5589066980887688,0.046575558174064065
192x192,192,1,150,0.029794692499999997,1.0,1.0
192x192,192,2,150,0.018994985,1.5685557266825954,0.7842778633412977
192x192,192,3,150,0.016205670000000002,1.8385350621109768,0.612845020703659
192x192,192,4,150,0.01508081,1.9756692445564925,0.4939173111391231
192x192,192,5,150,0.01600951,1.8610621124569082,0.37221242249138164
192x192,192,6,150,0.0175765725,1.6951366655814153,0.28252277759690253
192x192,192,7,150,0.021416962499999997,1.391172651117076,0.1987389501595823
192x192,192,8,150,0.023163977500000002,1.2862511414544413,0.16078139268180516
192x192,192,9,150,0.02281797,1.3057556171736573,0.1450839574637397
192x192,192,10,150,0.0237042325,1.256935549379209,0.1256935549379209
192x192,192,11,150,0.0246127825,1.2105373498506313,0.11004884998642103
192x192,192,12,150,0.027121545,1.098561770725082,0.09154681422709017
256x256,256,1,150,0.05159652,1.0,1.0
256x256,256,2,150,0.030876755,1.6710473623280686,0.8355236811640343
256x256,256,3,150,0.0245020375,2.105805282519872,0.7019350941732907
256x256,256,4,150,0.02314472,2.2292998143853113,0.5573249535963278
256x256,256,5,150,0.023136974999999997,2.2300460626335123,0.44600921252670245
256x256,256,6,150,0.022568465,2.2862219473056764,0.38103699121761275
256x256,256,7,150,0.0262154375,1.9681731422563518,0.2811675917509074
256x256,256,8,150,0.02716619,1.8992917299039727,0.23741146623799658
256x256,256,9,150,0.0289702425,1.781017884127135,0.1978908760141261
256x256,256,10,150,0.0288972825,1.7855146067800667,0.17855146067800667
256x256,256,11,150,0.0293254875,1.759442873711818,0.1599493521556198
256x256,256,12,150,0.0279796725,1.8440716202092786,0.15367263501743988
128x128,128,1,170,0.013746025,1.0,1.0
128x128,128,2,170,0.0114335425,1.202254244474099,0.6011271222370494
128x128,128,3,170,0.01117623,1.2299339759471664,0.40997799198238877
128x128,128,4,170,0.011887729999999999,1.1563204245049308,0.2890801061262327
128x128,128,5,170,0.013120232499999999,1.047696753849446,0.2095393507698892
128x128,128,6,170,0.0152995,0.8984623680512435,0.14974372800854058
128x128,128,7,170,0.0180799975,0.7602890984913023,0.10861272835590033
128x128,128,8,170,0.019414485000000002,0.7080293399490122,0.08850366749362652
128x128,128,9,170,0.0252107375,0.5452448584655646,0.0605827620517294
128x128,128,10,170,0.021258235,0.6466211799803699,0.06466211799803699
128x128,128,11,170,0.0225560075,0.6094174689381532,0.055401588085286654
128x128,128,12,170,0.02413106,0.5696403307604391,0.047470027563369925
192x192,192,1,170,0.0302541825,1.0,1.0
192x192,192,2,170,0.020709217499999998,1.4609041843324115,0.7304520921662058
192x192,192,3,170,0.0182732325,1.655655752204762,0.5518852507349207
192x192,192,4,170,0.0167349575,1.807843402052261,0.4519608505130652
192x192,192,5,170,0.0185747725,1.628778091360204,0.3257556182720408
192x192,192,6,170,0.0205360075,1.4732261127193296,0.2455376854532216
192x192,192,7,170,0.0233227625,1.2971954973172668,0.18531364247389526
192x192,192,8,170,0.023924532499999998,1.2645673431654307,0.15807091789567884
192x192,192,9,170,0.023949502499999997,1.2632488921220808,0.14036098801356453
192x192,192,10,170,0.024553535,1.2321721699136192,0.12321721699136193
192x192,192,11,170,0.0256164675,1.181044283330635,0.10736766212096681
192x192,192,12,170,0.02829969,1.0690640957551125,0.08908867464625937
256x256,256,1,170,0.0551502125,1.0,1.0
256x256,256,2,170,0.03355843,1.6434086010579159,0.8217043005289579
256x256,256,3,170,0.0253165375,2.178426354709841,0.7261421182366137
256x256,256,4,170,0.022277595,2.475590946868367,0.6188977367170917
256x256,256,5,170,0.0217092025,2.5404071153696224,0.5080814230739245
256x256,256,6,170,0.0241675375,2.2819955280921773,0.3803325880153629
256x256,256,7,170,0.0267730375,2.0599161563195807,0.29427373661708295
256x256,256,8,170,0.0282827025,1.949962614074804,0.2437453267593505
256x256,256,9,170,0.029273809999999997,1.8839437879797676,0.2093270875533075
256x256,256,10,170,0.0312139975,1.7668423437273613,0.17668423437273612
256x256,256,11,170,0.0332629675,1.658006385028636,0.15072785318442145
256x256,256,12,170,0.03230524,1.7071599684757024,0.14226333070630853
128x128,128,1,190,0.015635549999999998,1.0,1.0
128x128,128,2,190,0.014249982500000001,1.0972329264264007,0.5486164632132003
128x128,128,3,190,0.0135720375,1.1520414676130977,0.3840138225376992
128x128,128,4,190,0.013147595,1.1892327075788385,0.2973081768947096
128x128,128,5,190,0.0153650025,1.0176080348831702,0.20352160697663405
128x128,128,6,190,0.017592490000000002,0.8887627618375793,0.14812712697292987
128x128,128,7,190,0.01917106,0.8155808807650697,0.11651155439500996
128x128,128,8,190,0.020217715,0.7733589082643612,0.09666986353304514
128x128,128,9,190,0.02186495,0.7150965357798668,0.07945517064220742
128x128,128,10,190,0.0235217825,0.6647264083833782,0.06647264083833782
128x128,128,11,190,0.024583755,0.6360114636677757,0.057819223969797794
128x128,128,12,190,0.02726078,0.57355475521977,0.0477962296016475
192x192,192,1,190,0.0345499525,1.0,1.0
192x192,192,2,190,0.022562982500000002,1.5312670875847196,0.7656335437923598
192x192,192,3,190,0.01844674,1.8729570916053462,0.6243190305351154
192x192,192,4,190,0.018440965,1.8735436296310959,0.46838590740777397
192x192,192,5,190,0.0222212075,1.5548188594161683,0.31096377188323365
192x192,192,6,190,0.0207930225,1.6616128078541732,0.2769354679756955
192x192,192,7,190,0.028616785,1.2073317285641976,0.1724759612234568
192x192,192,8,190,0.028031229999999997,1.2325521391676357,0.15406901739595447
192x192,192,9,190,0.0277673025,1.2442675157228542,0.13825194619142825
192x192,192,10,190,0.029847085000000002,1.1575653870386338,0.11575653870386338
192x192,192,11,190,0.029360235000000002,1.1767600804285114,0.10697818912986468
192x192,192,12,190,0.0305417775,1.131235812977814,0.0942696510814845
256x256,256,1,190,0.061309037499999997,1.0,1.0
256x256,256,2,190,0.0380706775,1.610400484730013,0.8052002423650065
256x256,256,3,190,0.0290990475,2.1069087398822934,0.7023029132940978
256x256,256,4,190,0.026650725,2.300464152476152,0.575116038119038
256x256,256,5,190,0.0257896175,2.377275952231552,0.47545519044631035
256x256,256,6,190,0.02618843,2.341073424409176,0.390178904068196
256x256,256,7,190,0.03003371,2.0413407967247466,0.29162011381782094
256x256,256,8,190,0.0316829675,1.9350787611671791,0.2418848451458974
256x256,256,9,190,0.0335504425,1.8273689683824588,0.20304099648693985
256x256,256,10,190,0.032892525,1.8639200699855059,0.18639200699855057
256x256,256,11,190,0.033305705,1.8407968694852728,0.1673451699532066
256x256,256,12,190,0.0339784625,1.804349961390984,0.15036249678258198
