N,P,I,time,speedup,efficiency
128,1,10,0.001034736475,1.0,1.0
128,2,10,0.000908255575,1.139256948684295,0.5696284743421475
128,3,10,0.0009354949,1.1060845708512146,0.3686948569504049
128,4,10,0.0009434818250000001,1.096721153054538,0.2741802882636345
128,5,10,0.001309216,0.7903481740217045,0.1580696348043409
128,6,10,0.001402199,0.7379383917689286,0.1229897319614881
128,7,10,0.00150048725,0.6896003114988147,0.09851433021411639
128,8,10,0.0017085075,0.6056376545025409,0.07570470681281762
128,9,10,0.001932502,0.5354387602186181,0.05949319557984646
128,10,10,0.00213253525,0.48521424206235275,0.04852142420623527
128,11,10,0.002101183,0.4924542388740057,0.044768567170364156
128,12,10,0.00229525575,0.4508153285314719,0.03756794404428932
128,1,30,0.002947092,1.0,1.0
128,2,30,0.002382696,1.2368728532720918,0.6184364266360459
128,3,30,0.00252872675,1.1654450208983633,0.3884816736327878
128,4,30,0.00262254475,1.1237527977358632,0.2809381994339658
128,5,30,0.00298386825,0.9876749752607207,0.19753499505214414
128,6,30,0.00380927325,0.7736625352355597,0.1289437558725933
128,7,30,0.0037814974999999997,0.77934521971785,0.11133503138826428
128,8,30,0.00406879175,0.7243162543278358,0.09053953179097947
128,9,30,0.00457650425,0.6439613816593747,0.0715512646288194
128,10,30,0.00482106225,0.6112951559586272,0.061129515595862716
128,11,30,0.00504672525,0.5839612528936462,0.053087386626695106
128,12,30,0.00556802725,0.5292883579188662,0.044107363159905516
128,1,50,0.0046916605,1.0,1.0
128,2,50,0.00372576725,1.2592468034604147,0.6296234017302074
128,3,50,0.0036925079999999997,1.2705891226234312,0.4235297075411437
128,4,50,0.004136026,1.134340185482393,0.2835850463705982
128,5,50,0.00424307575,1.105721598300478,0.2211443196600956
128,6,50,0.0055103897500000006,0.8514208092086407,0.14190346820144012
128,7,50,0.00637757775,0.7356492831467245,0.10509275473524636
128,8,50,0.00640833375,0.7321186260000894,0.09151482825001117
128,9,50,0.00721114875,0.6506120817435641,0.07229023130484045
128,10,50,0.0073710085,0.636501843675801,0.0636501843675801
128,11,50,0.00813472275,0.5767449788009062,0.05243136170917329
128,12,50,0.008200228,0.5721378112901251,0.04767815094084376
128,1,70,0.00637203475,1.0,1.0
128,2,70,0.005116999,1.2452679295032107,0.6226339647516054
128,3,70,0.005136013,1.2406578312788539,0.4135526104262846
128,4,70,0.0053862332500000006,1.1830224303784096,0.2957556075946024
128,5,70,0.00620073075,1.027626421289136,0.20552528425782718
128,6,70,0.007544219499999999,0.8446247819274082,0.14077079698790138
128,7,70,0.0081492065,0.7819208839535481,0.11170298342193544
128,8,70,0.00842654725,0.7561857260101402,0.09452321575126753
128,9,70,0.0092939735,0.6856093090861514,0.07617881212068349
128,10,70,0.01013713925,0.6285831330569914,0.06285831330569915
128,11,70,0.010358932500000001,0.6151246520816696,0.055920422916515417
128,12,70,0.0115004175,0.5540698631158391,0.04617248859298659
128,1,90,0.00802999725,1.0,1.0
128,2,90,0.00649970775,1.2354397395790604,0.6177198697895302
128,3,90,0.0064739585,1.2403535255902554,0.4134511751967518
128,4,90,0.007058739499999999,1.1375964858881675,0.2843991214720419
128,5,90,0.007854581,1.0223329863171569,0.20446659726343136
128,6,90,0.0085672735,0.9372873703635118,0.15621456172725198
128,7,90,0.01055348,0.7608861958330333,0.10869802797614761
128,8,90,0.01070958225,0.7497955627540934,0.09372444534426168
128,9,90,0.0114085075,0.7038604523860812,0.0782067169317868
128,10,90,0.012533965000000001,0.6406589814156972,0.06406589814156972
128,11,90,0.0131924725,0.6086802341259382,0.055334566738721655
128,12,90,0.0134804825,0.595675803889067,0.04963965032408892
128,1,110,0.0097081065,1.0,1.0
128,2,110,0.0077248214999999995,1.256741854811791,0.6283709274058955
128,3,110,0.00770175425,1.2605058776057416,0.42016862586858056
128,4,110,0.0081759095,1.1874038600843124,0.2968509650210781
128,5,110,0.008695483,1.1164539681119496,0.22329079362238993
128,6,110,0.0101774905,0.9538801829390064,0.15898003048983442
128,7,110,0.0112102625,0.8660017104862621,0.123714530069466
128,8,110,0.0124907525,0.777223509952663,0.09715293874408287
128,9,110,0.01398355,0.6942519245828134,0.07713910273142371
128,10,110,0.01447004,0.6709108267841692,0.06709108267841693
128,11,110,0.0152217725,0.6377776635408262,0.057979787594620566
128,12,110,0.01660329,0.584709807514053,0.04872581729283775
128,1,130,0.011332512500000001,1.0,1.0
128,2,130,0.00947183375,1.1964433497367921,0.5982216748683961
128,3,130,0.008787453,1.2896242517598673,0.42987475058662244
128,4,130,0.0093919635,1.2066180304043985,0.30165450760109963
128,5,130,0.010680975,1.060999815091787,0.2121999630183574
128,6,130,0.0121720425,0.9310280094733485,0.15517133491222476
128,7,130,0.013716575,0.8261911227839311,0.11802730325484731
128,8,130,0.01440227,0.7868559956173576,0.0983569994521697
128,9,130,0.015752075,0.7194298211505469,0.07993664679450521
128,10,130,0.01689428,0.670789906406192,0.0670789906406192
128,11,130,0.0187248625,0.6052120542941236,0.05501927766310215
128,12,130,0.0193675125,0.5851299953982217,0.04876083294985181
128,1,150,0.01336378,1.0,1.0
128,2,150,0.0104970325,1.2731007549038265,0.6365503774519132
128,3,150,0.009997724999999999,1.336682095176653,0.4455606983922176
128,4,150,0.010707735,1.2480491906084714,0.31201229765211785
128,5,150,0.0117129675,1.1409388782133991,0.22818777564267984
128,6,150,0.013353765,1.000749975755901,0.16679166262598352
128,7,150,0.0160847925,0.8308332233692166,0.11869046048131666
128,8,150,0.01665628,0.8023268100680345,0.10029085125850432
128,9,150,0.0180043575,0.7422525352543128,0.08247250391714586
128,10,150,0.01957178,0.682808615261361,0.0682808615261361
128,11,150,0.02095473,0.637745272785667,0.05797684298051518
128,12,150,0.0226527475,0.5899408007792433,0.04916173339827027
128,1,170,0.0146792525,1.0,1.0
128,2,170,0.012283025,1.1950844763403152,0.5975422381701576
128,3,170,0.012324395,1.191072868079934,0.397024289359978
128,4,170,0.013100802500000001,1.1204849855571823,0.2801212463892956
128,5,170,0.01306498,1.1235572117217172,0.22471144234434343
128,6,170,0.01691824,0.8676583675370487,0.14460972792284146
128,7,170,0.01741004,0.8431486946612413,0.12044981352303448
128,8,170,0.0190762875,0.769502582722136,0.096187822840267
128,9,170,0.02193552,0.6692001146998111,0.07435556829997901
128,10,170,0.0269050575,0.5455945411006834,0.05455945411006834
128,11,170,0.025094507500000002,0.5849587803227458,0.05317807093843144
128,12,170,0.027838945,0.5272919825086763,0.04394099854238969
128,1,190,0.0165113225,1.0,1.0
128,2,190,0.01345825,1.2268550888859995,0.6134275444429997
128,3,190,0.013145505,1.2560432254219218,0.4186810751406406
128,4,190,0.013655245,1.209156078854682,0.3022890197136705
128,5,190,0.0152626625,1.0818114139652897,0.21636228279305794
128,6,190,0.01841253,0.8967438206482217,0.1494573034413703
128,7,190,0.0203291775,0.8121982554385194,0.11602832220550277
128,8,190,0.021543025,0.7664347277134943,0.09580434096418679
128,9,190,0.0230638975,0.7158947224769795,0.07954385805299773
128,10,190,0.025250969999999998,0.6538886426937264,0.06538886426937264
128,11,190,0.0267111675,0.6181430482213105,0.056194822565573684
128,12,190,0.0283719875,0.5819586132272193,0.048496551102268276
192,1,10,0.00246924175,1.0,1.0
192,2,10,0.0017024875,1.4503729102269474,0.7251864551134737
192,3,10,0.00132471325,1.8639820731014807,0.6213273577004935
192,4,10,0.00143605475,1.7194621235715422,0.42986553089288554
192,5,10,0.001509249,1.6360731396873545,0.3272146279374709
192,6,10,0.00168049325,1.4693553514719562,0.24489255857865935
192,7,10,0.001816988,1.358975265659432,0.19413932366563316
192,8,10,0.00194376725,1.2703381796354476,0.15879227245443095
192,9,10,0.00218999375,1.127510866183979,0.12527898513155322
192,10,10,0.00218063575,1.1323494765230737,0.11323494765230738
192,11,10,0.0025479195,0.9691207865868605,0.0881018896897146
192,12,10,0.00239723925,1.0300355919835702,0.08583629933196418
192,1,30,0.00633126475,1.0,1.0
192,2,30,0.00415146325,1.5250682394936292,0.7625341197468146
192,3,30,0.0037049055,1.7088869743101411,0.5696289914367137
192,4,30,0.00352174025,1.7977659624385984,0.4494414906096496
192,5,30,0.003847718,1.6454596594656885,0.3290919318931377
192,6,30,0.004081726,1.5511243895352114,0.2585207315892019
192,7,30,0.00496429225,1.2753610043808359,0.18219442919726228
192,8,30,0.0051892995,1.2200615420250844,0.15250769275313555
192,9,30,0.00522840025,1.2109372747428815,0.1345485860825424
192,10,30,0.00529909175,1.1947830022003298,0.11947830022003299
192,11,30,0.00573349025,1.1042601406708592,0.10038728551553265
192,12,30,0.0059927702499999996,1.0564838106383272,0.08804031755319393
192,1,50,0.010099707999999999,1.0,1.0
192,2,50,0.0066789985,1.512159046000684,0.756079523000342
192,3,50,0.0056440235,1.7894517979948168,0.5964839326649389
192,4,50,0.0055127145,1.8320752870477872,0.4580188217619468
192,5,50,0.00545471925,1.851554138189605,0.370310827637921
192,6,50,0.005999148,1.6835237270359056,0.2805872878393176
192,7,50,0.007807255,1.2936311161861627,0.1848044451694518
192,8,50,0.008211970249999999,1.2298763503192185,0.1537345437899023
192,9,50,0.00821578475,1.229305332031733,0.13658948133685922
192,10,50,0.008903860999999999,1.1343065665557897,0.11343065665557897
192,11,50,0.0088312625,1.143631275822681,0.10396647962024373
192,12,50,0.00965744225,1.0457953295035234,0.08714961079196028
192,1,70,0.014102995,1.0,1.0
192,2,70,0.00933337175,1.5110289590683024,0.7555144795341512
192,3,70,0.00780373825,1.8072101534158966,0.6024033844719655
192,4,70,0.0074028375,1.905079640070446,0.4762699100176115
192,5,70,0.0079557895,1.77267070728807,0.354534141457614
192,6,70,0.00880050675,1.6025207866581093,0.2670867977763515
192,7,70,0.0105093125,1.3419521971584727,0.19170745673692466
192,8,70,0.0110675075,1.2742702004042012,0.15928377505052516
192,9,70,0.0110824125,1.2725564041222974,0.1413951560135886
192,10,70,0.0118601925,1.1891033809105545,0.11891033809105545
192,11,70,0.0119265275,1.1824896223984727,0.10749905658167934
192,12,70,0.012522337500000001,1.1262270322932917,0.09385225269110764
192,1,90,0.0178282825,1.0,1.0
192,2,90,0.0117020025,1.523524072055189,0.7617620360275945
192,3,90,0.0095639825,1.8641065581205318,0.6213688527068439
192,4,90,0.00912922625,1.9528799058956392,0.4882199764739098
192,5,90,0.0099227435,1.7967089948460324,0.3593417989692065
192,6,90,0.01035952725,1.7209552202297649,0.28682587003829413
192,7,90,0.0133667,1.3337833945551258,0.19054048493644654
192,8,90,0.01423329,1.2525763544479176,0.1565720443059897
192,9,90,0.013997019999999999,1.273719870372408,0.14152443004137866
192,10,90,0.014661015,1.2160333032876647,0.12160333032876647
192,11,90,0.015454292500000001,1.1536136319407697,0.10487396654006997
192,12,90,0.0157224525,1.1339377555759829,0.09449481296466523
192,1,110,0.021712245,1.0,1.0
192,2,110,0.0144885775,1.4985767236293557,0.7492883618146778
192,3,110,0.01194924,1.8170398284744471,0.6056799428248157
192,4,110,0.0113022925,1.9210478759065917,0.4802619689766479
192,5,110,0.01183021,1.8353220272505728,0.36706440545011454
192,6,110,0.012684225,1.7117518019429647,0.28529196699049414
192,7,110,0.0164126775,1.3228947562029414,0.18898496517184876
192,8,110,0.0173274875,1.2530521231078657,0.15663151538848322
192,9,110,0.01851183,1.1728848525510445,0.13032053917233827
192,10,110,0.017906665,1.2125231024314134,0.12125231024314134
192,11,110,0.0182831875,1.1875524987095387,0.10795931806450353
192,12,110,0.019756495,1.0989927616209254,0.09158273013507712
192,1,130,0.02559823,1.0,1.0
192,2,130,0.01653546,1.5480809121729908,0.7740404560864954
192,3,130,0.014223815,1.7996739974472389,0.599891332482413
192,4,130,0.013221562499999999,1.9360971897232269,0.4840242974308067
192,5,130,0.013919052500000001,1.8390784861254024,0.36781569722508045
192,6,130,0.0152335175,1.6803886561327677,0.2800647760221279
192,7,130,0.0195784575,1.3074691915846792,0.1867813130835256
192,8,130,0.0204242475,1.2533254897151045,0.15666568621438806
192,9,130,0.0202827425,1.2620694661976801,0.14022994068863112
192,10,130,0.0210189825,1.217862472648236,0.12178624726482361
192,11,130,0.02193594,1.1669538665769508,0.10608671514335916
192,12,130,0.0245412025,1.043071544680828,0.08692262872340234
192,1,150,0.0292544975,1.0,1.0
192,2,150,0.01974696,1.4814684133659053,0.7407342066829526
192,3,150,0.016540047500000002,1.768706982250202,0.5895689940834007
192,4,150,0.01554394,1.8820516226902575,0.4705129056725644
192,5,150,0.0157697775,1.8550989384599754,0.37101978769199506
192,6,150,0.018401565,1.5897831244244713,0.26496385407074524
192,7,150,0.0226007675,1.2944028338860616,0.18491469055515167
192,8,150,0.0236102925,1.2390569705987335,0.1548821213248417
192,9,150,0.0231280325,1.264893479374002,0.14054371993044468
192,10,150,0.02361673,1.2387192257353157,0.12387192257353156
192,11,150,0.0254641775,1.1488491038047468,0.10444082761861334
192,12,150,0.0272278175,1.0744341701276645,0.08953618084397204
192,1,170,0.033634545,1.0,1.0
192,2,170,0.02182752,1.540923797114835,0.7704618985574175
192,3,170,0.018575785,1.8106661441225769,0.6035553813741923
192,4,170,0.0177505025,1.894850300716839,0.4737125751792097
192,5,170,0.0179252625,1.8763767057804592,0.37527534115609185
192,6,170,0.02137804,1.5733222035322227,0.26222036725537046
192,7,170,0.025176999999999998,1.3359234618898204,0.1908462088414029
192,8,170,0.0271187425,1.2402693450848616,0.1550336681356077
192,9,170,0.029130045,1.1546341586496005,0.12829268429440005
192,10,170,0.0275220275,1.2220954651687634,0.12220954651687635
192,11,170,0.029993952499999997,1.1213775510246609,0.10194341372951463
192,12,170,0.030695557499999998,1.0957463470080322,0.09131219558400268
192,1,190,0.0375327475,1.0,1.0
192,2,190,0.0245512125,1.5287533151366761,0.7643766575683381
192,3,190,0.0202402475,1.8543620822818496,0.6181206940939499
192,4,190,0.019701299999999998,1.905089892545162,0.4762724731362905
192,5,190,0.019889415,1.887071464897283,0.3774142929794566
192,6,190,0.020917475,1.7943249603501377,0.2990541600583563
192,7,190,0.027730525,1.3534813170684652,0.1933544738669236
192,8,190,0.029672205,1.2649126514190636,0.15811408142738295
192,9,190,0.029301045,1.2809354581039685,0.14232616201155204
192,10,190,0.029079972500000002,1.2906734179339405,0.12906734179339405
192,11,190,0.0312580475,1.2007387057684906,0.10915806416077188
192,12,190,0.03500521,1.0722046089710644,0.08935038408092204
256,1,10,0.0041464565,1.0,1.0
256,2,10,0.00263953225,1.570905792115251,0.7854528960576255
256,3,10,0.0021532775,1.9256489235595506,0.6418829745198502
256,4,10,0.00196349625,2.1117720494755208,0.5279430123688802
256,5,10,0.0020127294999999997,2.0601161258877565,0.4120232251775513
256,6,10,0.001983583,2.090387193276006,0.348397865546001
256,7,10,0.00213646875,1.9407990404727429,0.2772570057818204
256,8,10,0.002305746,1.7983145151287263,0.2247893143910908
256,9,10,0.0024434925,1.6969385009366718,0.18854872232629685
256,10,10,0.00256991375,1.61346134670862,0.161346134670862
256,11,10,0.0026804807500000003,1.5469077701826435,0.14062797910751304
256,12,10,0.00259804725,1.595989641835806,0.1329991368196505
256,1,30,0.010724545,1.0,1.0
256,2,30,0.00650542975,1.6485528876858597,0.8242764438429299
256,3,30,0.0053455235,2.0062665518166742,0.6687555172722247
256,4,30,0.005013466,2.13914784701841,0.5347869617546025
256,5,30,0.0045619605,2.3508631870004137,0.47017263740008275
256,6,30,0.004747748249999999,2.258869770527534,0.37647829508792235
256,7,30,0.00548869375,1.9539339392000148,0.2791334198857164
256,8,30,0.0058007835,1.8488097340643725,0.23110121675804657
256,9,30,0.00600177075,1.7868968087459856,0.19854408986066507
256,10,30,0.00609499225,1.7595666343956384,0.17595666343956384
256,11,30,0.0064514875,1.6623367866712908,0.15112152606102644
256,12,30,0.00670170775,1.6002704683742737,0.13335587236452282
256,1,50,0.0180214675,1.0,1.0
256,2,50,0.0109054425,1.652520518997739,0.8262602594988695
256,3,50,0.008347392,2.158933892166559,0.7196446307221863
256,4,50,0.00802290425,2.2462523468356235,0.5615630867089059
256,5,50,0.0077005625,2.340279362708893,0.4680558725417786
256,6,50,0.007717073,2.335272388896671,0.38921206481611187
256,7,50,0.008875251,2.0305304604906382,0.29007578007009116
256,8,50,0.0094770195,1.901596540979999,0.23769956762249989
256,9,50,0.009985985,1.8046760034187914,0.20051955593542126
256,10,50,0.0100650185,1.7905051540640486,0.17905051540640488
256,11,50,0.01019126,1.7683257516734925,0.16075688651577205
256,12,50,0.010560751,1.7064570029157964,0.14220475024298304
256,1,70,0.025443254999999998,1.0,1.0
256,2,70,0.0146365175,1.738340763094773,0.8691703815473865
256,3,70,0.0117672075,2.1622169066025223,0.7207389688675074
256,4,70,0.0102764975,2.4758683588450245,0.6189670897112561
256,5,70,0.010453581,2.4339271872480825,0.4867854374496165
256,6,70,0.0102360225,2.485658369742739,0.41427639495712315
256,7,70,0.01243472,2.046146193882934,0.29230659912613344
256,8,70,0.0130529425,1.9492352011816492,0.24365440014770615
256,9,70,0.0136902925,1.8584887795494507,0.2064987532832723
256,10,70,0.0139315125,1.8263095984732454,0.18263095984732453
256,11,70,0.013890564999999999,1.8316933112511982,0.16651757375010892
256,12,70,0.0141412625,1.7992208970026544,0.1499350747502212
256,1,90,0.0322398525,1.0,1.0
256,2,90,0.01927364,1.6727433167787713,0.8363716583893857
256,3,90,0.01474893,2.1859112830557876,0.7286370943519292
256,4,90,0.0132499925,2.433197792376109,0.6082994480940273
256,5,90,0.01386845,2.324690394384376,0.4649380788768752
256,6,90,0.0132743125,2.4287399064923325,0.40478998441538877
256,7,90,0.0160455725,2.0092678213881117,0.28703826019830164
256,8,90,0.016737697500000003,1.9261820510258352,0.2407727563782294
256,9,90,0.0178373475,1.807435354387753,0.2008261504875281
256,10,90,0.0181107525,1.780149803272945,0.17801498032729451
256,11,90,0.0180325525,1.7878696041506048,0.1625336003773277
256,12,90,0.018418015,1.7504520709750753,0.1458710059145896
256,1,110,0.038425745,1.0,1.0
256,2,110,0.02365631,1.6243338458111176,0.8121669229055588
256,3,110,0.0182317475,2.107628190879673,0.7025427302932243
256,4,110,0.016225457500000002,2.3682379988360878,0.5920594997090219
256,5,110,0.0158072125,2.4308995023632405,0.4861799004726481
256,6,110,0.015845715,2.424992813514568,0.4041654689190947
256,7,110,0.0192477125,1.9963798295511739,0.28519711850731055
256,8,110,0.0204615025,1.877953244147149,0.23474415551839362
256,9,110,0.02118528,1.8137945309195818,0.2015327256577313
256,10,110,0.0216385125,1.7758034430509029,0.1775803443050903
256,11,110,0.0217983125,1.762785307348906,0.16025320975899146
256,12,110,0.022129654999999998,1.7363915072331675,0.14469929226943062
256,1,130,0.04554248,1.0,1.0
256,2,130,0.0272856325,1.6691011285884614,0.8345505642942307
256,3,130,0.0210039625,2.1682803899502296,0.7227601299834099
256,4,130,0.0198255775,2.2971578003213273,0.5742894500803318
256,5,130,0.019917965,2.286502662295069,0.4573005324590138
256,6,130,0.0218917725,2.0803468517681702,0.346724475294695
256,7,130,0.0230720625,1.9739232242457736,0.2819890320351105
256,8,130,0.024137795,1.8867705190138537,0.23584631487673172
256,9,130,0.025053680000000002,1.8177960283678885,0.20197733648532093
256,10,130,0.0253207675,1.7986216255095744,0.17986216255095744
256,11,130,0.0259026875,1.758214470988773,0.15983767918079755
256,12,130,0.0266892925,1.7063951770171504,0.14219959808476254
256,1,150,0.05350703,1.0,1.0
256,2,150,0.0311439625,1.7180546630827724,0.8590273315413862
256,3,150,0.02476281,2.1607818337256552,0.7202606112418851
256,4,150,0.0218274625,2.4513628187426733,0.6128407046856683
256,5,150,0.021358012500000002,2.5052438751030786,0.5010487750206157
256,6,150,0.0218052875,2.453855744850876,0.408975957475146
256,7,150,0.02647698,2.0208887116279874,0.2886983873754268
256,8,150,0.027584555,1.9397459919146782,0.24246824898933478
256,9,150,0.0285792375,1.8722343449505956,0.20802603832784394
256,10,150,0.0288630125,1.8538269350782424,0.18538269350782424
256,11,150,0.028930785,1.8494842086033958,0.16813492805485417
256,12,150,0.0305380225,1.7521445601135435,0.14601204667612863
256,1,170,0.060044765,1.0,1.0
256,2,170,0.035690785,1.6823604468212172,0.8411802234106086
256,3,170,0.027948855,2.1483801393652797,0.7161267131217599
256,4,170,0.026115835,2.2991707904418908,0.5747926976104727
256,5,170,0.026896835,2.2324100586556,0.44648201173112
256,6,170,0.02503425,2.398504648631375,0.3997507747718958
256,7,170,0.0292159925,2.0552019583110175,0.2936002797587168
256,8,170,0.03148949,1.9068192276216602,0.23835240345270753
256,9,170,0.032436965,1.851121552216738,0.20568017246852643
256,10,170,0.0329524875,1.8221618322440756,0.18221618322440755
256,11,170,0.033367812499999996,1.7994816112084064,0.1635892373825824
256,12,170,0.033195555,1.808819433806725,0.15073495281722707
256,1,190,0.06516683,1.0,1.0
256,2,190,0.03802234,1.7139089808780836,0.8569544904390418
256,3,190,0.031075,2.097082220434433,0.6990274068114776
256,4,190,0.0271854975,2.3971174336610908,0.5992793584152727
256,5,190,0.0258111975,2.5247503530202344,0.5049500706040468
256,6,190,0.029887557500000002,2.18039998751989,0.3633999979199816
256,7,190,0.033991337499999996,1.9171599234657948,0.2738799890665421
256,8,190,0.03522849,1.8498331889899338,0.23122914862374172
256,9,190,0.0367472775,1.77337844960079,0.19704204995564334
256,10,190,0.037987055000000006,1.715500977898918,0.1715500977898918
256,11,190,0.0375743475,1.734343623665055,0.15766760215136863
256,12,190,0.0383837225,1.697772538867224,0.141481044905602
