k,r,b,t,r_frac,b_frac,t_frac
100,22,21,57,0.22000000,0.21000000,0.57000000
200,46,43,111,0.23000000,0.21500000,0.55500000
300,66,60,174,0.22000000,0.20000000,0.58000000
400,89,73,238,0.22250000,0.18250000,0.59500000
500,109,95,296,0.21800000,0.19000000,0.59200000
600,136,110,354,0.22666667,0.18333333,0.59000000
700,161,130,409,0.23000000,0.18571429,0.58428571
800,182,148,470,0.22750000,0.18500000,0.58750000
900,203,163,534,0.22555556,0.18111111,0.59333333
1000,220,187,593,0.22000000,0.18700000,0.59300000
1100,238,206,656,0.21636364,0.18727273,0.59636364
1200,258,223,719,0.21500000,0.18583333,0.59916667
1300,280,240,780,0.21538462,0.18461538,0.60000000
1400,302,254,844,0.21571429,0.18142857,0.60285714
1500,320,272,908,0.21333333,0.18133333,0.60533333
1600,345,294,961,0.21562500,0.18375000,0.60062500
1700,362,316,1022,0.21294118,0.18588235,0.60117647
1800,385,330,1085,0.21388889,0.18333333,0.60277778
1900,411,345,1144,0.21631579,0.18157895,0.60210526
2000,439,365,1196,0.21950000,0.18250000,0.59800000
2100,460,390,1250,0.21904762,0.18571429,0.59523810
2200,482,403,1315,0.21909091,0.18318182,0.59772727
2300,501,421,1378,0.21782609,0.18304348,0.59913043
2400,517,444,1439,0.21541667,0.18500000,0.59958333
2500,535,457,1508,0.21400000,0.18280000,0.60320000
2600,561,471,1568,0.21576923,0.18115385,0.60307692
2700,585,490,1625,0.21666667,0.18148148,0.60185185
2800,601,510,1689,0.21464286,0.18214286,0.60321429
2900,625,530,1745,0.21551724,0.18275862,0.60172414
3000,642,548,1810,0.21400000,0.18266667,0.60333333
3100,670,566,1864,0.21612903,0.18258065,0.60129032
3200,685,580,1935,0.21406250,0.18125000,0.60468750
3300,709,598,1993,0.21484848,0.18121212,0.60393939
3400,731,619,2050,0.21500000,0.18205882,0.60294118
3500,757,639,2104,0.21628571,0.18257143,0.60114286
3600,777,658,2165,0.21583333,0.18277778,0.60138889
3700,798,677,2225,0.21567568,0.18297297,0.60135135
3800,819,705,2276,0.21552632,0.18552632,0.59894737
3900,841,717,2342,0.21564103,0.18384615,0.60051282
4000,866,730,2404,0.21650000,0.18250000,0.60100000
4100,883,747,2470,0.21536585,0.18219512,0.60243902
4200,904,770,2526,0.21523810,0.18333333,0.60142857
4300,918,789,2593,0.21348837,0.18348837,0.60302326
4400,932,807,2661,0.21181818,0.18340909,0.60477273
4500,952,821,2727,0.21155556,0.18244444,0.60600000
4600,973,844,2783,0.21152174,0.18347826,0.60500000
4700,992,866,2842,0.21106383,0.18425532,0.60468085
4800,1009,888,2903,0.21020833,0.18500000,0.60479167
4900,1025,906,2969,0.20918367,0.18489796,0.60591837
5000,1044,924,3032,0.20880000,0.18480000,0.60640000
5100,1068,945,3087,0.20941176,0.18529412,0.60529412
5200,1088,966,3146,0.20923077,0.18576923,0.60500000
5300,1108,987,3205,0.20905660,0.18622642,0.60471698
5400,1127,1007,3266,0.20870370,0.18648148,0.60481481
5500,1139,1024,3337,0.20709091,0.18618182,0.60672727
5600,1155,1043,3402,0.20625000,0.18625000,0.60750000
5700,1180,1065,3455,0.20701754,0.18684211,0.60614035
5800,1193,1089,3518,0.20568966,0.18775862,0.60655172
5900,1205,1111,3584,0.20423729,0.18830508,0.60745763
6000,1223,1134,3643,0.20383333,0.18900000,0.60716667
6100,1242,1152,3706,0.20360656,0.18885246,0.60754098
6200,1259,1181,3760,0.20306452,0.19048387,0.60645161
6300,1278,1194,3828,0.20285714,0.18952381,0.60761905
6400,1291,1217,3892,0.20171875,0.19015625,0.60812500
6500,1304,1236,3960,0.20061538,0.19015385,0.60923077
6600,1324,1252,4024,0.20060606,0.18969697,0.60969697
6700,1347,1278,4075,0.20104478,0.19074627,0.60820896
6800,1362,1298,4140,0.20029412,0.19088235,0.60882353
6900,1381,1315,4204,0.20014493,0.19057971,0.60927536
7000,1401,1339,4260,0.20014286,0.19128571,0.60857143
7100,1420,1366,4314,0.20000000,0.19239437,0.60760563
7200,1440,1387,4373,0.20000000,0.19263889,0.60736111
7300,1461,1406,4433,0.20013699,0.19260274,0.60726027
7400,1484,1422,4494,0.20054054,0.19216216,0.60729730
7500,1503,1440,4557,0.20040000,0.19200000,0.60760000
7600,1519,1457,4624,0.19986842,0.19171053,0.60842105
7700,1543,1472,4685,0.20038961,0.19116883,0.60844156
7800,1568,1490,4742,0.20102564,0.19102564,0.60794872
7900,1589,1516,4795,0.20113924,0.19189873,0.60696203
8000,1607,1536,4857,0.20087500,0.19200000,0.60712500
8100,1635,1553,4912,0.20185185,0.19172840,0.60641975
8200,1655,1574,4971,0.20182927,0.19195122,0.60621951
8300,1676,1594,5030,0.20192771,0.19204819,0.60602410
8400,1689,1620,5091,0.20107143,0.19285714,0.60607143
8500,1699,1644,5157,0.19988235,0.19341176,0.60670588
8600,1717,1657,5226,0.19965116,0.19267442,0.60767442
8700,1735,1677,5288,0.19942529,0.19275862,0.60781609
8800,1752,1692,5356,0.19909091,0.19227273,0.60863636
8900,1769,1714,5417,0.19876404,0.19258427,0.60865169
9000,1792,1728,5480,0.19911111,0.19200000,0.60888889
9100,1810,1747,5543,0.19890110,0.19197802,0.60912088
9200,1833,1763,5604,0.19923913,0.19163043,0.60913043
9300,1857,1781,5662,0.19967742,0.19150538,0.60881720
9400,1873,1797,5730,0.19925532,0.19117021,0.60957447
9500,1893,1815,5792,0.19926316,0.19105263,0.60968421
9600,1911,1829,5860,0.19906250,0.19052083,0.61041667
9700,1930,1845,5925,0.19896907,0.19020619,0.61082474
9800,1957,1857,5986,0.19969388,0.18948980,0.61081633
9900,1984,1876,6040,0.20040404,0.18949495,0.61010101
10000,1998,1892,6110,0.19980000,0.18920000,0.61100000
10100,2015,1917,6168,0.19950495,0.18980198,0.61069307
10200,2029,1939,6232,0.19892157,0.19009804,0.61098039
10300,2051,1957,6292,0.19912621,0.19000000,0.61087379
10400,2071,1969,6360,0.19913462,0.18932692,0.61153846
10500,2087,1996,6417,0.19876190,0.19009524,0.61114286
10600,2111,2014,6475,0.19915094,0.19000000,0.61084906
10700,2138,2032,6530,0.19981308,0.18990654,0.61028037
10800,2156,2051,6593,0.19962963,0.18990741,0.61046296
10900,2176,2072,6652,0.19963303,0.19009174,0.61027523
11000,2195,2098,6707,0.19954545,0.19072727,0.60972727
11100,2220,2115,6765,0.20000000,0.19054054,0.60945946
11200,2247,2131,6822,0.20062500,0.19026786,0.60910714
11300,2271,2145,6884,0.20097345,0.18982301,0.60920354
11400,2296,2163,6941,0.20140351,0.18973684,0.60885965
11500,2313,2180,7007,0.20113043,0.18956522,0.60930435
11600,2332,2195,7073,0.20103448,0.18922414,0.60974138
11700,2350,2220,7130,0.20085470,0.18974359,0.60940171
11800,2378,2240,7182,0.20152542,0.18983051,0.60864407
11900,2402,2257,7241,0.20184874,0.18966387,0.60848739
12000,2421,2280,7299,0.20175000,0.19000000,0.60825000
12100,2438,2290,7372,0.20148760,0.18925620,0.60925620
12200,2457,2318,7425,0.20139344,0.19000000,0.60860656
12300,2476,2338,7486,0.20130081,0.19008130,0.60861789
12400,2500,2358,7542,0.20161290,0.19016129,0.60822581
12500,2522,2375,7603,0.20176000,0.19000000,0.60824000
12600,2543,2394,7663,0.20182540,0.19000000,0.60817460
12700,2562,2415,7723,0.20173228,0.19015748,0.60811024
12800,2585,2432,7783,0.20195313,0.19000000,0.60804687
12900,2606,2451,7843,0.20201550,0.19000000,0.60798450
13000,2631,2468,7901,0.20238462,0.18984615,0.60776923
13100,2648,2491,7961,0.20213740,0.19015267,0.60770992
13200,2667,2505,8028,0.20204545,0.18977273,0.60818182
13300,2686,2519,8095,0.20195489,0.18939850,0.60864662
13400,2709,2535,8156,0.20216418,0.18917910,0.60865672
13500,2729,2556,8215,0.20214815,0.18933333,0.60851852
13600,2747,2574,8279,0.20198529,0.18926471,0.60875000
13700,2769,2596,8335,0.20211679,0.18948905,0.60839416
13800,2790,2612,8398,0.20217391,0.18927536,0.60855072
13900,2815,2630,8455,0.20251799,0.18920863,0.60827338
14000,2833,2654,8513,0.20235714,0.18957143,0.60807143
14100,2859,2675,8566,0.20276596,0.18971631,0.60751773
14200,2880,2688,8632,0.20281690,0.18929577,0.60788732
14300,2900,2703,8697,0.20279720,0.18902098,0.60818182
14400,2924,2721,8755,0.20305556,0.18895833,0.60798611
14500,2942,2740,8818,0.20289655,0.18896552,0.60813793
14600,2959,2756,8885,0.20267123,0.18876712,0.60856164
14700,2979,2775,8946,0.20265306,0.18877551,0.60857143
14800,3005,2791,9004,0.20304054,0.18858108,0.60837838
14900,3027,2810,9063,0.20315436,0.18859060,0.60825503
15000,3044,2837,9119,0.20293333,0.18913333,0.60793333
15100,3066,2853,9181,0.20304636,0.18894040,0.60801325
15200,3083,2871,9246,0.20282895,0.18888158,0.60828947
15300,3103,2895,9302,0.20281046,0.18921569,0.60797386
15400,3128,2906,9366,0.20311688,0.18870130,0.60818182
15500,3143,2927,9430,0.20277419,0.18883871,0.60838710
15600,3160,2946,9494,0.20256410,0.18884615,0.60858974
15700,3183,2963,9554,0.20273885,0.18872611,0.60853503
15800,3206,2978,9616,0.20291139,0.18848101,0.60860759
15900,3225,3003,9672,0.20283019,0.18886792,0.60830189
16000,3244,3025,9731,0.20275000,0.18906250,0.60818750
16100,3272,3034,9794,0.20322981,0.18844720,0.60832298
16200,3291,3055,9854,0.20314815,0.18858025,0.60827160
16300,3319,3071,9910,0.20361963,0.18840491,0.60797546
16400,3335,3089,9976,0.20335366,0.18835366,0.60829268
16500,3359,3113,10028,0.20357576,0.18866667,0.60775758
16600,3382,3126,10092,0.20373494,0.18831325,0.60795181
16700,3409,3150,10141,0.20413174,0.18862275,0.60724551
16800,3423,3175,10202,0.20375000,0.18898810,0.60726190
16900,3448,3194,10258,0.20402367,0.18899408,0.60698225
17000,3464,3210,10326,0.20376471,0.18882353,0.60741176
17100,3485,3228,10387,0.20380117,0.18877193,0.60742690
17200,3506,3250,10444,0.20383721,0.18895349,0.60720930
17300,3527,3270,10503,0.20387283,0.18901734,0.60710983
17400,3545,3294,10561,0.20373563,0.18931034,0.60695402
17500,3562,3308,10630,0.20354286,0.18902857,0.60742857
17600,3574,3331,10695,0.20306818,0.18926136,0.60767045
17700,3595,3353,10752,0.20310734,0.18943503,0.60745763
17800,3613,3378,10809,0.20297753,0.18977528,0.60724719
17900,3637,3404,10859,0.20318436,0.19016760,0.60664804
18000,3659,3421,10920,0.20327778,0.19005556,0.60666667
18100,3674,3438,10988,0.20298343,0.18994475,0.60707182
18200,3692,3453,11055,0.20285714,0.18972527,0.60741758
18300,3711,3463,11126,0.20278689,0.18923497,0.60797814
18400,3729,3489,11182,0.20266304,0.18961957,0.60771739
18500,3745,3507,11248,0.20243243,0.18956757,0.60800000
18600,3760,3533,11307,0.20215054,0.18994624,0.60790323
18700,3785,3550,11365,0.20240642,0.18983957,0.60775401
18800,3805,3572,11423,0.20239362,0.19000000,0.60760638
18900,3826,3591,11483,0.20243386,0.19000000,0.60756614
19000,3849,3615,11536,0.20257895,0.19026316,0.60715789
19100,3865,3639,11596,0.20235602,0.19052356,0.60712042
19200,3893,3649,11658,0.20276042,0.19005208,0.60718750
19300,3912,3664,11724,0.20269430,0.18984456,0.60746114
19400,3937,3680,11783,0.20293814,0.18969072,0.60737113
19500,3963,3693,11844,0.20323077,0.18938462,0.60738462
19600,3984,3712,11904,0.20326531,0.18938776,0.60734694
19700,4007,3732,11961,0.20340102,0.18944162,0.60715736
19800,4027,3752,12021,0.20338384,0.18949495,0.60712121
19900,4053,3772,12075,0.20366834,0.18954774,0.60678392
20000,4074,3784,12142,0.20370000,0.18920000,0.60710000
20100,4094,3803,12203,0.20368159,0.18920398,0.60711443
20200,4118,3826,12256,0.20386139,0.18940594,0.60673267
20300,4134,3849,12317,0.20364532,0.18960591,0.60674877
20400,4155,3873,12372,0.20367647,0.18985294,0.60647059
20500,4172,3897,12431,0.20351220,0.19009756,0.60639024
20600,4187,3916,12497,0.20325243,0.19009709,0.60665049
20700,4202,3942,12556,0.20299517,0.19043478,0.60657005
20800,4220,3972,12608,0.20288462,0.19096154,0.60615385
20900,4245,3988,12667,0.20311005,0.19081340,0.60607656
21000,4267,4007,12726,0.20319048,0.19080952,0.60600000
21100,4293,4034,12773,0.20345972,0.19118483,0.60535545
21200,4313,4050,12837,0.20344340,0.19103774,0.60551887
21300,4334,4074,12892,0.20347418,0.19126761,0.60525822
21400,4363,4100,12937,0.20387850,0.19158879,0.60453271
21500,4382,4117,13001,0.20381395,0.19148837,0.60469767
21600,4413,4126,13061,0.20430556,0.19101852,0.60467593
21700,4430,4149,13121,0.20414747,0.19119816,0.60465438
21800,4452,4170,13178,0.20422018,0.19128440,0.60449541
21900,4481,4183,13236,0.20461187,0.19100457,0.60438356
22000,4504,4203,13293,0.20472727,0.19104545,0.60422727
22100,4522,4231,13347,0.20461538,0.19144796,0.60393665
22200,4548,4258,13394,0.20486486,0.19180180,0.60333333
22300,4568,4282,13450,0.20484305,0.19201794,0.60313901
22400,4587,4296,13517,0.20477679,0.19178571,0.60343750
22500,4616,4320,13564,0.20515556,0.19200000,0.60284444
22600,4638,4339,13623,0.20522124,0.19199115,0.60278761
22700,4661,4359,13680,0.20533040,0.19202643,0.60264317
22800,4688,4377,13735,0.20561404,0.19197368,0.60241228
22900,4707,4400,13793,0.20554585,0.19213974,0.60231441
23000,4734,4417,13849,0.20582609,0.19204348,0.60213043
23100,4750,4440,13910,0.20562771,0.19220779,0.60216450
23200,4775,4462,13963,0.20581897,0.19232759,0.60185345
23300,4791,4482,14027,0.20562232,0.19236052,0.60201717
23400,4822,4507,14071,0.20606838,0.19260684,0.60132479
23500,4844,4526,14130,0.20612766,0.19259574,0.60127660
23600,4866,4534,14200,0.20618644,0.19211864,0.60169492
23700,4890,4560,14250,0.20632911,0.19240506,0.60126582
23800,4910,4582,14308,0.20630252,0.19252101,0.60117647
23900,4933,4605,14362,0.20640167,0.19267782,0.60092050
24000,4956,4626,14418,0.20650000,0.19275000,0.60075000
24100,4973,4650,14477,0.20634855,0.19294606,0.60070539
24200,4992,4668,14540,0.20628099,0.19289256,0.60082645
24300,5011,4692,14597,0.20621399,0.19308642,0.60069959
24400,5027,4714,14659,0.20602459,0.19319672,0.60077869
24500,5046,4735,14719,0.20595918,0.19326531,0.60077551
24600,5072,4753,14775,0.20617886,0.19321138,0.60060976
24700,5097,4768,14835,0.20635628,0.19303644,0.60060729
24800,5115,4794,14891,0.20625000,0.19330645,0.60044355
24900,5128,4818,14954,0.20594378,0.19349398,0.60056225
25000,5149,4839,15012,0.20596000,0.19356000,0.60048000
25100,5167,4851,15082,0.20585657,0.19326693,0.60087649
25200,5192,4867,15141,0.20603175,0.19313492,0.60083333
25300,5216,4887,15197,0.20616601,0.19316206,0.60067194
25400,5236,4903,15261,0.20614173,0.19303150,0.60082677
25500,5256,4925,15319,0.20611765,0.19313725,0.60074510
25600,5276,4936,15388,0.20609375,0.19281250,0.60109375
25700,5302,4956,15442,0.20630350,0.19284047,0.60085603
25800,5323,4972,15505,0.20631783,0.19271318,0.60096899
25900,5340,4989,15571,0.20617761,0.19262548,0.60119691
26000,5356,5006,15638,0.20600000,0.19253846,0.60146154
26100,5372,5027,15701,0.20582375,0.19260536,0.60157088
26200,5388,5046,15766,0.20564885,0.19259542,0.60175573
26300,5405,5061,15834,0.20551331,0.19243346,0.60205323
26400,5419,5078,15903,0.20526515,0.19234848,0.60238636
26500,5432,5102,15966,0.20498113,0.19252830,0.60249057
26600,5450,5129,16021,0.20488722,0.19281955,0.60229323
26700,5474,5148,16078,0.20501873,0.19280899,0.60217228
26800,5501,5169,16130,0.20526119,0.19287313,0.60186567
26900,5523,5189,16188,0.20531599,0.19289963,0.60178439
27000,5550,5208,16242,0.20555556,0.19288889,0.60155556
27100,5571,5227,16302,0.20557196,0.19287823,0.60154982
27200,5589,5243,16368,0.20547794,0.19275735,0.60176471
27300,5612,5271,16417,0.20556777,0.19307692,0.60135531
27400,5628,5301,16471,0.20540146,0.19346715,0.60113139
27500,5647,5325,16528,0.20534545,0.19363636,0.60101818
27600,5669,5340,16591,0.20539855,0.19347826,0.60112319
27700,5687,5358,16655,0.20530686,0.19342960,0.60126354
27800,5707,5374,16719,0.20528777,0.19330935,0.60140288
27900,5724,5388,16788,0.20516129,0.19311828,0.60172043
28000,5744,5411,16845,0.20514286,0.19325000,0.60160714
28100,5765,5431,16904,0.20516014,0.19327402,0.60156584
28200,5791,5449,16960,0.20535461,0.19322695,0.60141844
28300,5809,5468,17023,0.20526502,0.19321555,0.60151943
28400,5834,5482,17084,0.20542254,0.19302817,0.60154930
28500,5864,5500,17136,0.20575439,0.19298246,0.60126316
28600,5880,5524,17196,0.20559441,0.19314685,0.60125874
28700,5897,5546,17257,0.20547038,0.19324042,0.60128920
28800,5909,5570,17321,0.20517361,0.19340278,0.60142361
28900,5933,5585,17382,0.20529412,0.19325260,0.60145329
29000,5962,5605,17433,0.20558621,0.19327586,0.60113793
29100,5979,5616,17505,0.20546392,0.19298969,0.60154639
29200,6001,5635,17564,0.20551370,0.19297945,0.60150685
29300,6023,5656,17621,0.20556314,0.19303754,0.60139932
29400,6052,5680,17668,0.20585034,0.19319728,0.60095238
29500,6073,5698,17729,0.20586441,0.19315254,0.60098305
29600,6093,5718,17789,0.20584459,0.19317568,0.60097973
29700,6111,5736,17853,0.20575758,0.19313131,0.60111111
29800,6131,5760,17909,0.20573826,0.19328859,0.60097315
29900,6152,5781,17967,0.20575251,0.19334448,0.60090301
30000,6170,5798,18032,0.20566667,0.19326667,0.60106667
30100,6188,5818,18094,0.20558140,0.19328904,0.60112957
30200,6213,5837,18150,0.20572848,0.19327815,0.60099338
30300,6233,5858,18209,0.20570957,0.19333333,0.60095710
30400,6255,5877,18268,0.20575658,0.19332237,0.60092105
30500,6274,5901,18325,0.20570492,0.19347541,0.60081967
30600,6298,5915,18387,0.20581699,0.19330065,0.60088235
30700,6319,5924,18457,0.20583062,0.19296417,0.60120521
30800,6341,5948,18511,0.20587662,0.19311688,0.60100649
30900,6365,5967,18568,0.20598706,0.19310680,0.60090615
31000,6394,5984,18622,0.20625806,0.19303226,0.60070968
31100,6414,6006,18680,0.20623794,0.19311897,0.60064309
31200,6439,6024,18737,0.20637821,0.19307692,0.60054487
31300,6451,6050,18799,0.20610224,0.19329073,0.60060703
31400,6471,6070,18859,0.20608280,0.19331210,0.60060510
31500,6488,6097,18915,0.20596825,0.19355556,0.60047619
31600,6499,6123,18978,0.20566456,0.19376582,0.60056962
31700,6514,6143,19043,0.20548896,0.19378549,0.60072555
31800,6531,6168,19101,0.20537736,0.19396226,0.60066038
31900,6555,6189,19156,0.20548589,0.19401254,0.60050157
32000,6575,6211,19214,0.20546875,0.19409375,0.60043750
32100,6593,6230,19277,0.20538941,0.19408100,0.60052960
32200,6618,6255,19327,0.20552795,0.19425466,0.60021739
32300,6641,6272,19387,0.20560372,0.19417957,0.60021672
32400,6662,6290,19448,0.20561728,0.19413580,0.60024691
32500,6684,6311,19505,0.20566154,0.19418462,0.60015385
32600,6713,6328,19559,0.20592025,0.19411043,0.59996933
32700,6736,6345,19619,0.20599388,0.19403670,0.59996942
32800,6752,6369,19679,0.20585366,0.19417683,0.59996951
32900,6775,6386,19739,0.20592705,0.19410334,0.59996960
33000,6797,6404,19799,0.20596970,0.19406061,0.59996970
33100,6815,6420,19865,0.20589124,0.19395770,0.60015106
33200,6833,6441,19926,0.20581325,0.19400602,0.60018072
33300,6862,6459,19979,0.20606607,0.19396396,0.59996997
33400,6879,6479,20042,0.20595808,0.19398204,0.60005988
33500,6900,6495,20105,0.20597015,0.19388060,0.60014925
33600,6916,6513,20171,0.20583333,0.19383929,0.60032738
33700,6931,6538,20231,0.20566766,0.19400593,0.60032641
33800,6952,6562,20286,0.20568047,0.19414201,0.60017751
33900,6981,6582,20337,0.20592920,0.19415929,0.59991150
34000,7005,6599,20396,0.20602941,0.19408824,0.59988235
34100,7026,6624,20450,0.20604106,0.19425220,0.59970674
34200,7040,6644,20516,0.20584795,0.19426901,0.59988304
34300,7059,6662,20579,0.20580175,0.19422741,0.59997085
34400,7085,6675,20640,0.20595930,0.19404070,0.60000000
34500,7108,6690,20702,0.20602899,0.19391304,0.60005797
34600,7118,6714,20768,0.20572254,0.19404624,0.60023121
34700,7139,6731,20830,0.20573487,0.19397695,0.60028818
34800,7160,6750,20890,0.20574713,0.19396552,0.60028736
34900,7178,6774,20948,0.20567335,0.19409742,0.60022923
35000,7196,6792,21012,0.20560000,0.19405714,0.60034286
35100,7216,6810,21074,0.20558405,0.19401709,0.60039886
35200,7236,6827,21137,0.20556818,0.19394886,0.60048295
35300,7255,6849,21196,0.20552408,0.19402266,0.60045326
35400,7274,6865,21261,0.20548023,0.19392655,0.60059322
35500,7295,6880,21325,0.20549296,0.19380282,0.60070423
35600,7312,6902,21386,0.20539326,0.19387640,0.60073034
35700,7339,6918,21443,0.20557423,0.19378151,0.60064426
35800,7356,6940,21504,0.20547486,0.19385475,0.60067039
35900,7375,6953,21572,0.20543175,0.19367688,0.60089136
36000,7400,6973,21627,0.20555556,0.19369444,0.60075000
36100,7424,6986,21690,0.20565097,0.19351801,0.60083102
36200,7444,7009,21747,0.20563536,0.19361878,0.60074586
36300,7464,7032,21804,0.20561983,0.19371901,0.60066116
36400,7480,7057,21863,0.20549451,0.19387363,0.60063187
36500,7489,7076,21935,0.20517808,0.19386301,0.60095890
36600,7520,7093,21987,0.20546448,0.19379781,0.60073770
36700,7540,7120,22040,0.20544959,0.19400545,0.60054496
36800,7556,7139,22105,0.20532609,0.19399457,0.60067935
36900,7576,7158,22166,0.20531165,0.19398374,0.60070461
37000,7591,7170,22239,0.20516216,0.19378378,0.60105405
37100,7607,7190,22303,0.20504043,0.19380054,0.60115903
37200,7628,7210,22362,0.20505376,0.19381720,0.60112903
37300,7650,7229,22421,0.20509383,0.19380697,0.60109920
37400,7672,7247,22481,0.20513369,0.19377005,0.60109626
37500,7699,7264,22537,0.20530667,0.19370667,0.60098667
37600,7724,7283,22593,0.20542553,0.19369681,0.60087766
37700,7746,7306,22648,0.20546419,0.19379310,0.60074271
37800,7768,7326,22706,0.20550265,0.19380952,0.60068783
37900,7793,7349,22758,0.20562005,0.19390501,0.60047493
38000,7811,7360,22829,0.20555263,0.19368421,0.60076316
38100,7834,7381,22885,0.20561680,0.19372703,0.60065617
38200,7857,7394,22949,0.20568063,0.19356021,0.60075916
38300,7877,7414,23009,0.20566580,0.19357702,0.60075718
38400,7891,7435,23074,0.20549479,0.19361979,0.60088542
38500,7911,7456,23133,0.20548052,0.19366234,0.60085714
38600,7927,7477,23196,0.20536269,0.19370466,0.60093264
38700,7945,7498,23257,0.20529716,0.19374677,0.60095607
38800,7963,7520,23317,0.20523196,0.19381443,0.60095361
38900,7978,7537,23385,0.20508997,0.19375321,0.60115681
39000,7996,7554,23450,0.20502564,0.19369231,0.60128205
39100,8014,7575,23511,0.20496164,0.19373402,0.60130435
39200,8028,7593,23579,0.20479592,0.19369898,0.60150510
39300,8056,7607,23637,0.20498728,0.19356234,0.60145038
39400,8079,7622,23699,0.20505076,0.19345178,0.60149746
39500,8104,7635,23761,0.20516456,0.19329114,0.60154430
39600,8128,7652,23820,0.20525253,0.19323232,0.60151515
39700,8146,7679,23875,0.20518892,0.19342569,0.60138539
39800,8169,7697,23934,0.20525126,0.19339196,0.60135678
39900,8190,7707,24003,0.20526316,0.19315789,0.60157895
40000,8209,7724,24067,0.20522500,0.19310000,0.60167500
40100,8233,7737,24130,0.20531172,0.19294264,0.60174564
40200,8252,7757,24191,0.20527363,0.19296020,0.60176617
40300,8270,7779,24251,0.20521092,0.19302730,0.60176179
40400,8290,7788,24322,0.20519802,0.19277228,0.60202970
40500,8313,7808,24379,0.20525926,0.19279012,0.60195062
40600,8341,7823,24436,0.20544335,0.19268473,0.60187192
40700,8372,7841,24487,0.20570025,0.19265356,0.60164619
40800,8392,7865,24543,0.20568627,0.19276961,0.60154412
40900,8412,7880,24608,0.20567237,0.19266504,0.60166259
41000,8428,7903,24669,0.20556098,0.19275610,0.60168293
41100,8446,7920,24734,0.20549878,0.19270073,0.60180049
41200,8471,7941,24788,0.20560680,0.19274272,0.60165049
41300,8499,7958,24843,0.20578692,0.19268765,0.60152542
41400,8521,7982,24897,0.20582126,0.19280193,0.60137681
41500,8540,7997,24963,0.20578313,0.19269880,0.60151807
41600,8566,8017,25017,0.20591346,0.19271635,0.60137019
41700,8589,8032,25079,0.20597122,0.19261391,0.60141487
41800,8612,8046,25142,0.20602871,0.19248804,0.60148325
41900,8632,8064,25204,0.20601432,0.19245823,0.60152745
42000,8647,8084,25269,0.20588095,0.19247619,0.60164286
42100,8664,8102,25334,0.20579572,0.19244656,0.60175772
42200,8688,8113,25399,0.20587678,0.19225118,0.60187204
42300,8718,8122,25460,0.20609929,0.19200946,0.60189125
42400,8739,8138,25523,0.20610849,0.19193396,0.60195755
42500,8756,8156,25588,0.20602353,0.19190588,0.60207059
42600,8780,8178,25642,0.20610329,0.19197183,0.60192488
42700,8804,8198,25698,0.20618267,0.19199063,0.60182670
42800,8820,8225,25755,0.20607477,0.19217290,0.60175234
42900,8845,8249,25806,0.20617716,0.19228438,0.60153846
43000,8864,8269,25867,0.20613953,0.19230233,0.60155814
43100,8888,8284,25928,0.20621810,0.19220418,0.60157773
43200,8909,8298,25993,0.20622685,0.19208333,0.60168981
43300,8937,8314,26049,0.20639723,0.19200924,0.60159353
43400,8956,8343,26101,0.20635945,0.19223502,0.60140553
43500,8980,8359,26161,0.20643678,0.19216092,0.60140230
43600,8997,8371,26232,0.20635321,0.19199541,0.60165138
43700,9022,8389,26289,0.20645309,0.19196796,0.60157895
43800,9042,8407,26351,0.20643836,0.19194064,0.60162100
43900,9060,8428,26412,0.20637813,0.19198178,0.60164009
44000,9083,8450,26467,0.20643182,0.19204545,0.60152273
44100,9101,8471,26528,0.20637188,0.19208617,0.60154195
44200,9117,8499,26584,0.20626697,0.19228507,0.60144796
44300,9138,8516,26646,0.20627540,0.19223476,0.60148984
44400,9158,8536,26706,0.20626126,0.19225225,0.60148649
44500,9188,8552,26760,0.20647191,0.19217978,0.60134831
44600,9206,8566,26828,0.20641256,0.19206278,0.60152466
44700,9223,8586,26891,0.20633110,0.19208054,0.60158837
44800,9252,8607,26941,0.20651786,0.19212054,0.60136161
44900,9273,8633,26994,0.20652561,0.19227171,0.60120267
45000,9292,8656,27052,0.20648889,0.19235556,0.60115556
45100,9321,8671,27108,0.20667406,0.19226164,0.60106430
45200,9339,8693,27168,0.20661504,0.19232301,0.60106195
45300,9361,8710,27229,0.20664459,0.19227373,0.60108168
45400,9376,8735,27289,0.20651982,0.19240088,0.60107930
45500,9392,8749,27359,0.20641758,0.19228571,0.60129670
45600,9412,8771,27417,0.20640351,0.19234649,0.60125000
45700,9429,8789,27482,0.20632385,0.19231947,0.60135667
45800,9452,8807,27541,0.20637555,0.19229258,0.60133188
45900,9478,8814,27608,0.20649237,0.19202614,0.60148148
46000,9503,8827,27670,0.20658696,0.19189130,0.60152174
46100,9521,8844,27735,0.20652928,0.19184382,0.60162690
46200,9542,8858,27800,0.20653680,0.19173160,0.60173160
46300,9563,8882,27855,0.20654428,0.19183585,0.60161987
46400,9586,8908,27906,0.20659483,0.19198276,0.60142241
46500,9613,8927,27960,0.20673118,0.19197849,0.60129032
46600,9628,8947,28025,0.20660944,0.19199571,0.60139485
46700,9645,8966,28089,0.20653105,0.19199143,0.60147752
46800,9659,8994,28147,0.20638889,0.19217949,0.60143162
46900,9677,9015,28208,0.20633262,0.19221748,0.60144989
47000,9693,9038,28269,0.20623404,0.19229787,0.60146809
47100,9709,9058,28333,0.20613588,0.19231423,0.60154989
47200,9725,9078,28397,0.20603814,0.19233051,0.60163136
47300,9746,9097,28457,0.20604651,0.19232558,0.60162791
47400,9765,9115,28520,0.20601266,0.19229958,0.60168776
47500,9791,9137,28572,0.20612632,0.19235789,0.60151579
47600,9807,9157,28636,0.20602941,0.19237395,0.60159664
47700,9823,9181,28696,0.20593291,0.19247379,0.60159329
47800,9850,9194,28756,0.20606695,0.19234310,0.60158996
47900,9872,9214,28814,0.20609603,0.19235908,0.60154489
48000,9891,9236,28873,0.20606250,0.19241667,0.60152083
48100,9906,9259,28935,0.20594595,0.19249480,0.60155925
48200,9928,9274,28998,0.20597510,0.19240664,0.60161826
48300,9949,9301,29050,0.20598344,0.19256729,0.60144928
48400,9962,9328,29110,0.20582645,0.19272727,0.60144628
48500,9984,9348,29168,0.20585567,0.19274227,0.60140206
48600,10001,9366,29233,0.20578189,0.19271605,0.60150206
48700,10020,9391,29289,0.20574949,0.19283368,0.60141684
48800,10043,9411,29346,0.20579918,0.19284836,0.60135246
48900,10062,9430,29408,0.20576687,0.19284254,0.60139059
49000,10085,9443,29472,0.20581633,0.19271429,0.60146939
49100,10110,9466,29524,0.20590631,0.19279022,0.60130346
49200,10129,9482,29589,0.20587398,0.19272358,0.60140244
49300,10151,9503,29646,0.20590264,0.19275862,0.60133874
49400,10174,9518,29708,0.20595142,0.19267206,0.60137652
49500,10190,9538,29772,0.20585859,0.19268687,0.60145455
49600,10214,9559,29827,0.20592742,0.19272177,0.60135081
49700,10232,9583,29885,0.20587525,0.19281690,0.60130785
49800,10250,9609,29941,0.20582329,0.19295181,0.60122490
49900,10270,9628,30002,0.20581162,0.19294589,0.60124248
50000,10283,9649,30068,0.20566000,0.19298000,0.60136000
50100,10304,9667,30129,0.20566866,0.19295409,0.60137725
50200,10326,9689,30185,0.20569721,0.19300797,0.60129482
50300,10347,9702,30251,0.20570577,0.19288270,0.60141153
50400,10366,9715,30319,0.20567460,0.19275794,0.60156746
50500,10385,9728,30387,0.20564356,0.19263366,0.60172277
50600,10405,9748,30447,0.20563241,0.19264822,0.60171937
50700,10426,9771,30503,0.20564103,0.19272189,0.60163708
50800,10445,9797,30558,0.20561024,0.19285433,0.60153543
50900,10463,9819,30618,0.20555992,0.19290766,0.60153242
51000,10489,9838,30673,0.20566667,0.19290196,0.60143137
51100,10510,9853,30737,0.20567515,0.19281800,0.60150685
51200,10529,9874,30797,0.20564453,0.19285156,0.60150391
51300,10551,9893,30856,0.20567251,0.19284600,0.60148148
51400,10574,9909,30917,0.20571984,0.19278210,0.60149805
51500,10593,9925,30982,0.20568932,0.19271845,0.60159223
51600,10618,9941,31041,0.20577519,0.19265504,0.60156977
51700,10641,9955,31104,0.20582205,0.19255319,0.60162476
51800,10662,9975,31163,0.20583012,0.19256757,0.60160232
51900,10686,10000,31214,0.20589595,0.19267823,0.60142582
52000,10709,10026,31265,0.20594231,0.19280769,0.60125000
52100,10727,10046,31327,0.20589251,0.19282150,0.60128599
52200,10744,10066,31390,0.20582375,0.19283525,0.60134100
52300,10763,10082,31455,0.20579350,0.19277247,0.60143403
52400,10781,10110,31509,0.20574427,0.19293893,0.60131679
52500,10799,10136,31565,0.20569524,0.19306667,0.60123810
52600,10815,10162,31623,0.20560837,0.19319392,0.60119772
52700,10841,10180,31679,0.20571157,0.19316888,0.60111954
52800,10866,10197,31737,0.20579545,0.19312500,0.60107955
52900,10887,10220,31793,0.20580340,0.19319471,0.60100189
53000,10912,10239,31849,0.20588679,0.19318868,0.60092453
53100,10934,10252,31914,0.20591337,0.19306968,0.60101695
53200,10952,10271,31977,0.20586466,0.19306391,0.60107143
53300,10974,10286,32040,0.20589118,0.19298311,0.60112570
53400,10994,10297,32109,0.20588015,0.19282772,0.60129213
53500,11015,10313,32172,0.20588785,0.19276636,0.60134579
53600,11033,10340,32227,0.20583955,0.19291045,0.60125000
53700,11054,10354,32292,0.20584730,0.19281192,0.60134078
53800,11075,10371,32354,0.20585502,0.19276952,0.60137546
53900,11095,10390,32415,0.20584416,0.19276438,0.60139147
54000,11115,10399,32486,0.20583333,0.19257407,0.60159259
54100,11139,10419,32542,0.20589649,0.19258780,0.60151571
54200,11159,10441,32600,0.20588561,0.19263838,0.60147601
54300,11179,10463,32658,0.20587477,0.19268877,0.60143646
54400,11194,10484,32722,0.20577206,0.19272059,0.60150735
54500,11219,10506,32775,0.20585321,0.19277064,0.60137615
54600,11232,10529,32839,0.20571429,0.19283883,0.60144689
54700,11260,10546,32894,0.20585009,0.19279707,0.60135283
54800,11282,10561,32957,0.20587591,0.19271898,0.60140511
54900,11301,10584,33015,0.20584699,0.19278689,0.60136612
55000,11321,10597,33082,0.20583636,0.19267273,0.60149091
55100,11347,10614,33139,0.20593466,0.19263158,0.60143376
55200,11363,10631,33206,0.20585145,0.19259058,0.60155797
55300,11390,10652,33258,0.20596745,0.19262206,0.60141049
55400,11406,10673,33321,0.20588448,0.19265343,0.60146209
55500,11425,10696,33379,0.20585586,0.19272072,0.60142342
55600,11444,10716,33440,0.20582734,0.19273381,0.60143885
55700,11461,10739,33500,0.20576302,0.19280072,0.60143627
55800,11489,10756,33555,0.20589606,0.19275986,0.60134409
55900,11514,10775,33611,0.20597496,0.19275492,0.60127013
56000,11531,10798,33671,0.20591071,0.19282143,0.60126786
56100,11554,10822,33724,0.20595365,0.19290553,0.60114082
56200,11574,10844,33782,0.20594306,0.19295374,0.60110320
56300,11598,10861,33841,0.20600355,0.19291297,0.60108348
56400,11615,10881,33904,0.20593972,0.19292553,0.60113475
56500,11633,10904,33963,0.20589381,0.19299115,0.60111504
56600,11650,10928,34022,0.20583039,0.19307420,0.60109541
56700,11671,10941,34088,0.20583774,0.19296296,0.60119929
56800,11700,10958,34142,0.20598592,0.19292254,0.60109155
56900,11731,10967,34202,0.20616872,0.19274165,0.60108963
57000,11758,10983,34259,0.20628070,0.19268421,0.60103509
57100,11776,10999,34325,0.20623468,0.19262697,0.60113835
57200,11800,11022,34378,0.20629371,0.19269231,0.60101399
57300,11812,11053,34435,0.20614311,0.19289703,0.60095986
57400,11829,11069,34502,0.20608014,0.19283972,0.60108014
57500,11849,11081,34570,0.20606957,0.19271304,0.60121739
57600,11861,11104,34635,0.20592014,0.19277778,0.60130208
57700,11881,11132,34687,0.20590988,0.19292894,0.60116118
57800,11899,11153,34748,0.20586505,0.19295848,0.60117647
57900,11924,11167,34809,0.20594128,0.19286701,0.60119171
58000,11947,11184,34869,0.20598276,0.19282759,0.60118966
58100,11969,11202,34929,0.20600688,0.19280551,0.60118761
58200,11992,11227,34981,0.20604811,0.19290378,0.60104811
58300,12014,11237,35049,0.20607204,0.19274443,0.60118353
58400,12033,11253,35114,0.20604452,0.19268836,0.60126712
58500,12059,11270,35171,0.20613675,0.19264957,0.60121368
58600,12072,11297,35231,0.20600683,0.19278157,0.60121160
58700,12096,11311,35293,0.20606474,0.19269165,0.60124361
58800,12120,11332,35348,0.20612245,0.19272109,0.60115646
58900,12140,11353,35407,0.20611205,0.19275042,0.60113752
59000,12158,11373,35469,0.20606780,0.19276271,0.60116949
59100,12179,11394,35527,0.20607445,0.19279188,0.60113367
59200,12204,11415,35581,0.20614865,0.19282095,0.60103041
59300,12225,11433,35642,0.20615514,0.19279933,0.60104553
59400,12242,11457,35701,0.20609428,0.19287879,0.60102694
59500,12255,11480,35765,0.20596639,0.19294118,0.60109244
59600,12279,11496,35825,0.20602349,0.19288591,0.60109060
59700,12310,11517,35873,0.20619765,0.19291457,0.60088777
59800,12330,11531,35939,0.20618729,0.19282609,0.60098662
59900,12353,11549,35998,0.20622705,0.19280467,0.60096828
60000,12369,11568,36063,0.20615000,0.19280000,0.60105000
60100,12392,11592,36116,0.20618968,0.19287854,0.60093178
60200,12408,11614,36178,0.20611296,0.19292359,0.60096346
60300,12430,11629,36241,0.20613599,0.19285240,0.60101161
60400,12450,11649,36301,0.20612583,0.19286424,0.60100993
60500,12466,11674,36360,0.20604959,0.19295868,0.60099174
60600,12483,11686,36431,0.20599010,0.19283828,0.60117162
60700,12497,11709,36494,0.20588138,0.19289951,0.60121911
60800,12515,11730,36555,0.20583882,0.19292763,0.60123355
60900,12529,11746,36625,0.20573071,0.19287356,0.60139573
61000,12548,11767,36685,0.20570492,0.19290164,0.60139344
61100,12564,11792,36744,0.20563011,0.19299509,0.60137480
61200,12585,11811,36804,0.20563725,0.19299020,0.60137255
61300,12601,11832,36867,0.20556281,0.19301794,0.60141925
61400,12622,11850,36928,0.20557003,0.19299674,0.60143322
61500,12645,11868,36987,0.20560976,0.19297561,0.60141463
61600,12663,11886,37051,0.20556818,0.19295455,0.60147727
61700,12683,11905,37112,0.20555916,0.19294976,0.60149109
61800,12711,11920,37169,0.20567961,0.19288026,0.60144013
61900,12736,11943,37221,0.20575121,0.19294023,0.60130856
62000,12758,11961,37281,0.20577419,0.19291935,0.60130645
62100,12782,11974,37344,0.20582931,0.19281804,0.60135266
62200,12796,11990,37414,0.20572347,0.19276527,0.60151125
62300,12816,12008,37476,0.20571429,0.19274478,0.60154093
62400,12833,12033,37534,0.20565705,0.19283654,0.60150641
62500,12860,12045,37595,0.20576000,0.19272000,0.60152000
62600,12878,12068,37654,0.20571885,0.19277955,0.60150160
62700,12895,12092,37713,0.20566188,0.19285486,0.60148325
62800,12920,12106,37774,0.20573248,0.19277070,0.60149682
62900,12939,12122,37839,0.20570747,0.19271860,0.60157393
63000,12964,12136,37900,0.20577778,0.19263492,0.60158730
63100,12979,12154,37967,0.20568938,0.19261490,0.60169572
63200,13009,12167,38024,0.20583861,0.19251582,0.60164557
63300,13029,12187,38084,0.20582938,0.19252765,0.60164297
63400,13050,12203,38147,0.20583596,0.19247634,0.60168770
63500,13076,12222,38202,0.20592126,0.19247244,0.60160630
63600,13093,12239,38268,0.20586478,0.19243711,0.60169811
63700,13110,12258,38332,0.20580848,0.19243328,0.60175824
63800,13131,12282,38387,0.20581505,0.19250784,0.60167712
63900,13145,12310,38445,0.20571205,0.19264476,0.60164319
64000,13165,12334,38501,0.20570312,0.19271875,0.60157812
64100,13182,12355,38563,0.20564743,0.19274571,0.60160686
64200,13201,12380,38619,0.20562305,0.19283489,0.60154206
64300,13230,12398,38672,0.20575428,0.19281493,0.60143079
64400,13248,12420,38732,0.20571429,0.19285714,0.60142857
64500,13271,12433,38796,0.20575194,0.19275969,0.60148837
64600,13291,12448,38861,0.20574303,0.19269350,0.60156347
64700,13314,12470,38916,0.20578053,0.19273570,0.60148377
64800,13338,12486,38976,0.20583333,0.19268519,0.60148148
64900,13355,12506,39039,0.20577812,0.19269646,0.60152542
65000,13380,12514,39106,0.20584615,0.19252308,0.60163077
65100,13402,12532,39166,0.20586790,0.19250384,0.60162826
65200,13413,12558,39229,0.20572086,0.19260736,0.60167178
65300,13435,12575,39290,0.20574273,0.19257274,0.60168453
65400,13453,12601,39346,0.20570336,0.19267584,0.60162080
65500,13481,12616,39403,0.20581679,0.19261069,0.60157252
65600,13504,12638,39458,0.20585366,0.19265244,0.60149390
65700,13524,12659,39517,0.20584475,0.19267884,0.60147641
65800,13549,12682,39569,0.20591185,0.19273556,0.60135258
65900,13567,12702,39631,0.20587253,0.19274659,0.60138088
66000,13589,12716,39695,0.20589394,0.19266667,0.60143939
66100,13614,12739,39747,0.20596067,0.19272315,0.60131619
66200,13631,12760,39809,0.20590634,0.19274924,0.60134441
66300,13651,12782,39867,0.20589744,0.19279035,0.60131222
66400,13676,12802,39922,0.20596386,0.19280120,0.60123494
66500,13696,12821,39983,0.20595489,0.19279699,0.60124812
66600,13722,12838,40040,0.20603604,0.19276276,0.60120120
66700,13746,12855,40099,0.20608696,0.19272864,0.60118441
66800,13767,12867,40166,0.20609281,0.19261976,0.60128743
66900,13788,12888,40224,0.20609865,0.19264574,0.60125561
67000,13804,12911,40285,0.20602985,0.19270149,0.60126866
67100,13826,12933,40341,0.20605067,0.19274218,0.60120715
67200,13846,12946,40408,0.20604167,0.19264881,0.60130952
67300,13869,12972,40459,0.20607727,0.19274889,0.60117385
67400,13879,12995,40526,0.20591988,0.19280415,0.60127596
67500,13908,13014,40578,0.20604444,0.19280000,0.60115556
67600,13932,13030,40638,0.20609467,0.19275148,0.60115385
67700,13951,13052,40697,0.20607090,0.19279173,0.60113737
67800,13986,13068,40746,0.20628319,0.19274336,0.60097345
67900,14006,13085,40809,0.20627393,0.19270987,0.60101620
68000,14028,13107,40865,0.20629412,0.19275000,0.60095588
68100,14043,13124,40933,0.20621145,0.19271659,0.60107195
68200,14056,13155,40989,0.20609971,0.19288856,0.60101173
68300,14079,13169,41052,0.20613470,0.19281113,0.60105417
68400,14107,13188,41105,0.20624269,0.19280702,0.60095029
68500,14129,13206,41165,0.20626277,0.19278832,0.60094891
68600,14151,13229,41220,0.20628280,0.19284257,0.60087464
68700,14175,13250,41275,0.20633188,0.19286754,0.60080058
68800,14197,13263,41340,0.20635174,0.19277616,0.60087209
68900,14216,13285,41399,0.20632801,0.19281567,0.60085631
69000,14234,13314,41452,0.20628986,0.19295652,0.60075362
69100,14258,13334,41508,0.20633864,0.19296671,0.60069465
69200,14283,13357,41560,0.20640173,0.19302023,0.60057803
69300,14298,13387,41615,0.20632035,0.19317460,0.60050505
69400,14312,13410,41678,0.20622478,0.19322767,0.60054755
69500,14331,13426,41743,0.20620144,0.19317986,0.60061871
69600,14354,13448,41798,0.20623563,0.19321839,0.60054598
69700,14367,13466,41867,0.20612626,0.19319943,0.60067432
69800,14398,13484,41918,0.20627507,0.19318052,0.60054441
69900,14419,13501,41980,0.20628040,0.19314735,0.60057225
70000,14437,13520,42043,0.20624286,0.19314286,0.60061429
70100,14452,13539,42109,0.20616262,0.19313837,0.60069900
70200,14476,13555,42169,0.20621083,0.19309117,0.60069801
70300,14499,13575,42226,0.20624467,0.19310100,0.60065434
70400,14516,13599,42285,0.20619318,0.19316761,0.60063920
70500,14532,13619,42349,0.20612766,0.19317730,0.60069504
70600,14553,13637,42410,0.20613314,0.19315864,0.60070822
70700,14574,13661,42465,0.20613861,0.19322489,0.60063649
70800,14601,13684,42515,0.20622881,0.19327684,0.60049435
70900,14623,13705,42572,0.20624824,0.19330042,0.60045134
71000,14645,13725,42630,0.20626761,0.19330986,0.60042254
71100,14668,13738,42694,0.20630098,0.19322082,0.60047820
71200,14691,13759,42750,0.20633427,0.19324438,0.60042135
71300,14719,13780,42801,0.20643759,0.19326788,0.60029453
71400,14740,13804,42856,0.20644258,0.19333333,0.60022409
71500,14766,13822,42912,0.20651748,0.19331469,0.60016783
71600,14778,13841,42981,0.20639665,0.19331006,0.60029330
71700,14798,13865,43037,0.20638773,0.19337517,0.60023710
71800,14818,13884,43098,0.20637883,0.19337047,0.60025070
71900,14840,13901,43159,0.20639777,0.19333797,0.60026426
72000,14859,13919,43222,0.20637500,0.19331944,0.60030556
72100,14874,13940,43286,0.20629681,0.19334258,0.60036061
72200,14891,13956,43353,0.20624654,0.19329640,0.60045706
72300,14910,13970,43420,0.20622407,0.19322268,0.60055325
72400,14926,13988,43486,0.20616022,0.19320442,0.60063536
72500,14949,14002,43549,0.20619310,0.19313103,0.60067586
72600,14970,14027,43603,0.20619835,0.19320937,0.60059229
72700,14992,14048,43660,0.20621733,0.19323246,0.60055021
72800,15010,14062,43728,0.20618132,0.19315934,0.60065934
72900,15029,14082,43789,0.20615912,0.19316872,0.60067215
73000,15050,14108,43842,0.20616438,0.19326027,0.60057534
73100,15072,14123,43905,0.20618331,0.19320109,0.60061560
73200,15091,14145,43964,0.20616120,0.19323770,0.60060109
73300,15110,14170,44020,0.20613915,0.19331514,0.60054570
73400,15128,14191,44081,0.20610354,0.19333787,0.60055858
73500,15145,14220,44135,0.20605442,0.19346939,0.60047619
73600,15165,14242,44193,0.20604620,0.19350543,0.60044837
73700,15178,14269,44253,0.20594301,0.19360923,0.60044776
73800,15195,14289,44316,0.20589431,0.19361789,0.60048780
73900,15214,14305,44381,0.20587280,0.19357240,0.60055480
74000,15232,14319,44449,0.20583784,0.19350000,0.60066216
74100,15251,14341,44508,0.20581646,0.19353576,0.60064777
74200,15273,14356,44571,0.20583558,0.19347709,0.60068733
74300,15293,14374,44633,0.20582773,0.19345895,0.60071332
74400,15319,14388,44693,0.20590054,0.19338710,0.60071237
74500,15338,14409,44753,0.20587919,0.19340940,0.60071141
74600,15362,14428,44810,0.20592493,0.19340483,0.60067024
74700,15378,14459,44863,0.20586345,0.19356091,0.60057564
74800,15398,14480,44922,0.20585561,0.19358289,0.60056150
74900,15421,14496,44983,0.20588785,0.19353805,0.60057410
75000,15448,14512,45040,0.20597333,0.19349333,0.60053333
75100,15473,14530,45097,0.20603196,0.19347537,0.60049268
75200,15484,14555,45161,0.20590426,0.19355053,0.60054521
75300,15500,14582,45218,0.20584329,0.19365206,0.60050465
75400,15518,14600,45282,0.20580902,0.19363395,0.60055703
75500,15544,14620,45336,0.20588079,0.19364238,0.60047682
75600,15562,14645,45393,0.20584656,0.19371693,0.60043651
75700,15579,14660,45461,0.20579921,0.19365918,0.60054161
75800,15602,14687,45511,0.20583113,0.19375989,0.60040897
75900,15623,14704,45573,0.20583663,0.19372859,0.60043478
76000,15650,14723,45627,0.20592105,0.19372368,0.60035526
76100,15668,14742,45690,0.20588699,0.19371879,0.60039422
76200,15691,14765,45744,0.20591864,0.19376640,0.60031496
76300,15713,14779,45808,0.20593709,0.19369594,0.60036697
76400,15735,14797,45868,0.20595550,0.19367801,0.60036649
76500,15753,14821,45926,0.20592157,0.19373856,0.60033987
76600,15772,14846,45982,0.20590078,0.19381201,0.60028721
76700,15795,14862,46043,0.20593220,0.19376793,0.60029987
76800,15815,14881,46104,0.20592448,0.19376302,0.60031250
76900,15836,14901,46163,0.20592978,0.19377113,0.60029909
77000,15860,14923,46217,0.20597403,0.19380519,0.60022078
77100,15879,14944,46277,0.20595331,0.19382620,0.60022049
77200,15904,14965,46331,0.20601036,0.19384715,0.60014249
77300,15924,14990,46386,0.20600259,0.19391979,0.60007762
77400,15946,15008,46446,0.20602067,0.19390181,0.60007752
77500,15963,15027,46510,0.20597419,0.19389677,0.60012903
77600,15984,15051,46565,0.20597938,0.19395619,0.60006443
77700,16010,15076,46614,0.20604891,0.19402831,0.59992278
77800,16035,15090,46675,0.20610540,0.19395887,0.59993573
77900,16061,15104,46735,0.20617458,0.19388960,0.59993582
78000,16082,15120,46798,0.20617949,0.19384615,0.59997436
78100,16107,15136,46857,0.20623560,0.19380282,0.59996159
78200,16130,15166,46904,0.20626598,0.19393862,0.59979540
78300,16151,15189,46960,0.20627075,0.19398467,0.59974457
78400,16174,15213,47013,0.20630102,0.19404337,0.59965561
78500,16196,15234,47070,0.20631847,0.19406369,0.59961783
78600,16217,15257,47126,0.20632316,0.19410941,0.59956743
78700,16235,15271,47194,0.20628971,0.19404066,0.59966963
78800,16255,15283,47262,0.20628173,0.19394670,0.59977157
78900,16274,15302,47324,0.20626109,0.19394170,0.59979721
79000,16296,15324,47380,0.20627848,0.19397468,0.59974684
79100,16321,15341,47438,0.20633375,0.19394437,0.59972187
79200,16340,15363,47497,0.20631313,0.19397727,0.59970960
79300,16355,15387,47558,0.20624212,0.19403531,0.59972257
79400,16378,15405,47617,0.20627204,0.19401763,0.59971033
79500,16397,15426,47677,0.20625157,0.19403774,0.59971069
79600,16421,15444,47735,0.20629397,0.19402010,0.59968593
79700,16438,15463,47799,0.20624843,0.19401506,0.59973651
79800,16467,15476,47857,0.20635338,0.19393484,0.59971178
79900,16486,15492,47922,0.20633292,0.19389237,0.59977472
80000,16514,15513,47973,0.20642500,0.19391250,0.59966250
80100,16538,15529,48033,0.20646692,0.19387016,0.59966292
80200,16560,15556,48084,0.20648379,0.19396509,0.59955112
80300,16573,15574,48153,0.20638854,0.19394770,0.59966376
80400,16593,15598,48209,0.20638060,0.19400498,0.59961443
80500,16617,15620,48263,0.20642236,0.19403727,0.59954037
80600,16645,15643,48312,0.20651365,0.19408189,0.59940447
80700,16667,15662,48371,0.20653036,0.19407683,0.59939281
80800,16685,15686,48429,0.20649752,0.19413366,0.59936881
80900,16705,15702,48493,0.20648949,0.19409147,0.59941904
81000,16719,15724,48557,0.20640741,0.19412346,0.59946914
81100,16744,15745,48611,0.20646116,0.19414303,0.59939581
81200,16768,15766,48666,0.20650246,0.19416256,0.59933498
81300,16788,15788,48724,0.20649446,0.19419434,0.59931119
81400,16809,15810,48781,0.20649877,0.19422604,0.59927518
81500,16827,15829,48844,0.20646626,0.19422086,0.59931288
81600,16850,15852,48898,0.20649510,0.19426471,0.59924020
81700,16871,15866,48963,0.20649939,0.19419829,0.59930233
81800,16893,15885,49022,0.20651589,0.19419315,0.59929095
81900,16919,15904,49077,0.20658120,0.19418803,0.59923077
82000,16944,15925,49131,0.20663415,0.19420732,0.59915854
82100,16966,15938,49196,0.20665043,0.19412911,0.59922046
82200,16981,15959,49260,0.20658151,0.19414842,0.59927007
82300,17009,15969,49322,0.20667072,0.19403402,0.59929526
82400,17026,15996,49378,0.20662621,0.19412621,0.59924757
82500,17044,16015,49441,0.20659394,0.19412121,0.59928485
82600,17065,16031,49504,0.20659806,0.19407990,0.59932203
82700,17088,16053,49559,0.20662636,0.19411125,0.59926239
82800,17103,16076,49621,0.20655797,0.19415459,0.59928744
82900,17132,16093,49675,0.20665862,0.19412545,0.59921592
83000,17155,16108,49737,0.20668675,0.19407229,0.59924096
83100,17172,16129,49799,0.20664260,0.19409146,0.59926594
83200,17194,16146,49860,0.20665865,0.19406250,0.59927885
83300,17212,16165,49923,0.20662665,0.19405762,0.59931573
83400,17234,16186,49980,0.20664269,0.19407674,0.59928058
83500,17250,16205,50045,0.20658683,0.19407186,0.59934132
83600,17274,16227,50099,0.20662679,0.19410287,0.59927033
83700,17293,16244,50163,0.20660693,0.19407407,0.59931900
83800,17316,16264,50220,0.20663484,0.19408115,0.59928401
83900,17334,16285,50281,0.20660310,0.19410012,0.59929678
84000,17356,16300,50344,0.20661905,0.19404762,0.59933333
84100,17373,16315,50412,0.20657551,0.19399524,0.59942925
84200,17397,16335,50468,0.20661520,0.19400238,0.59938242
84300,17420,16357,50523,0.20664294,0.19403321,0.59932384
84400,17437,16378,50585,0.20659953,0.19405213,0.59934834
84500,17460,16401,50639,0.20662722,0.19409467,0.59927811
84600,17486,16421,50693,0.20669031,0.19410165,0.59920804
84700,17506,16437,50757,0.20668241,0.19406139,0.59925620
84800,17537,16464,50799,0.20680425,0.19415094,0.59904481
84900,17559,16476,50865,0.20681979,0.19406360,0.59911661
85000,17588,16491,50921,0.20691765,0.19401176,0.59907059
85100,17607,16506,50987,0.20689777,0.19396005,0.59914219
85200,17623,16531,51046,0.20684272,0.19402582,0.59913146
85300,17641,16555,51104,0.20681125,0.19407972,0.59910903
85400,17661,16577,51162,0.20680328,0.19411007,0.59908665
85500,17682,16593,51225,0.20680702,0.19407018,0.59912281
85600,17699,16614,51287,0.20676402,0.19408879,0.59914720
85700,17722,16633,51345,0.20679113,0.19408401,0.59912485
85800,17735,16654,51411,0.20670163,0.19410256,0.59919580
85900,17752,16674,51474,0.20665891,0.19410943,0.59923166
86000,17778,16689,51533,0.20672093,0.19405814,0.59922093
86100,17793,16706,51601,0.20665505,0.19403020,0.59931475
86200,17817,16725,51658,0.20669374,0.19402552,0.59928074
86300,17842,16742,51716,0.20674392,0.19399768,0.59925840
86400,17853,16755,51792,0.20663194,0.19392361,0.59944444
86500,17876,16772,51852,0.20665896,0.19389595,0.59944509
86600,17895,16788,51917,0.20663972,0.19385681,0.59950346
86700,17915,16810,51975,0.20663206,0.19388697,0.59948097
86800,17942,16826,52032,0.20670507,0.19384793,0.59944700
86900,17957,16844,52099,0.20663982,0.19383199,0.59952819
87000,17977,16866,52157,0.20663218,0.19386207,0.59950575
87100,17996,16888,52216,0.20661309,0.19389208,0.59949483
87200,18020,16903,52277,0.20665138,0.19384174,0.59950688
87300,18044,16923,52333,0.20668958,0.19384880,0.59946163
87400,18058,16945,52397,0.20661327,0.19387872,0.59950801
87500,18081,16958,52461,0.20664000,0.19380571,0.59955429
87600,18101,16977,52522,0.20663242,0.19380137,0.59956621
87700,18130,16996,52574,0.20672748,0.19379704,0.59947548
87800,18151,17014,52635,0.20673121,0.19378132,0.59948747
87900,18172,17040,52688,0.20673493,0.19385666,0.59940842
88000,18190,17057,52753,0.20670455,0.19382955,0.59946591
88100,18212,17078,52810,0.20671964,0.19384790,0.59943246
88200,18234,17102,52864,0.20673469,0.19390023,0.59936508
88300,18261,17124,52915,0.20680634,0.19392978,0.59926387
88400,18284,17138,52978,0.20683258,0.19386878,0.59929864
88500,18304,17162,53034,0.20682486,0.19392090,0.59925424
88600,18325,17179,53096,0.20682844,0.19389391,0.59927765
88700,18344,17192,53164,0.20680947,0.19382187,0.59936866
88800,18357,17214,53229,0.20672297,0.19385135,0.59942568
88900,18381,17236,53283,0.20676040,0.19388076,0.59935883
89000,18396,17260,53344,0.20669663,0.19393258,0.59937079
89100,18413,17277,53410,0.20665544,0.19390572,0.59943883
89200,18434,17297,53469,0.20665919,0.19391256,0.59942825
89300,18447,17322,53531,0.20657335,0.19397536,0.59945129
89400,18462,17341,53597,0.20651007,0.19397092,0.59951902
89500,18484,17366,53650,0.20652514,0.19403352,0.59944134
89600,18507,17378,53715,0.20655134,0.19395089,0.59949777
89700,18533,17401,53766,0.20661093,0.19399108,0.59939799
89800,18554,17423,53823,0.20661470,0.19402004,0.59936526
89900,18581,17447,53872,0.20668521,0.19407119,0.59924360
90000,18599,17466,53935,0.20665556,0.19406667,0.59927778
90100,18620,17486,53994,0.20665927,0.19407325,0.59926748
90200,18639,17507,54054,0.20664080,0.19409091,0.59926829
90300,18658,17525,54117,0.20662237,0.19407530,0.59930233
90400,18679,17547,54174,0.20662611,0.19410398,0.59926991
90500,18705,17566,54229,0.20668508,0.19409945,0.59921547
90600,18723,17585,54292,0.20665563,0.19409492,0.59924945
90700,18750,17605,54345,0.20672547,0.19410143,0.59917310
90800,18779,17618,54403,0.20681718,0.19403084,0.59915198
90900,18800,17638,54462,0.20682068,0.19403740,0.59914191
91000,18816,17663,54521,0.20676923,0.19409890,0.59913187
91100,18843,17679,54578,0.20683864,0.19406147,0.59909989
91200,18868,17699,54633,0.20688596,0.19406798,0.59904605
91300,18891,17716,54693,0.20691128,0.19404162,0.59904710
91400,18911,17735,54754,0.20690372,0.19403720,0.59905908
91500,18929,17755,54816,0.20687432,0.19404372,0.59908197
91600,18946,17779,54875,0.20683406,0.19409389,0.59907205
91700,18970,17795,54935,0.20687023,0.19405671,0.59907306
91800,18991,17813,54996,0.20687364,0.19404139,0.59908497
91900,19012,17835,55053,0.20687704,0.19406964,0.59905332
92000,19033,17849,55118,0.20688043,0.19401087,0.59910870
92100,19055,17876,55169,0.20689468,0.19409338,0.59901194
92200,19077,17895,55228,0.20690889,0.19408894,0.59900217
92300,19098,17914,55288,0.20691224,0.19408451,0.59900325
92400,19117,17930,55353,0.20689394,0.19404762,0.59905844
92500,19140,17947,55413,0.20691892,0.19402162,0.59905946
92600,19165,17964,55471,0.20696544,0.19399568,0.59903888
92700,19179,17987,55534,0.20689320,0.19403452,0.59907228
92800,19194,18012,55594,0.20683190,0.19409483,0.59907328
92900,19215,18036,55649,0.20683531,0.19414424,0.59902045
93000,19228,18062,55710,0.20675269,0.19421505,0.59903226
93100,19248,18084,55768,0.20674544,0.19424275,0.59901182
93200,19272,18100,55828,0.20678112,0.19420601,0.59901288
93300,19292,18116,55892,0.20677385,0.19416935,0.59905681
93400,19313,18130,55957,0.20677730,0.19411135,0.59911135
93500,19333,18151,56016,0.20677005,0.19412834,0.59910160
93600,19353,18164,56083,0.20676282,0.19405983,0.59917735
93700,19380,18187,56133,0.20683031,0.19409819,0.59907150
93800,19401,18210,56189,0.20683369,0.19413646,0.59902985
93900,19414,18230,56256,0.20675186,0.19414271,0.59910543
94000,19431,18260,56309,0.20671277,0.19425532,0.59903191
94100,19456,18282,56362,0.20675877,0.19428268,0.59895855
94200,19476,18307,56417,0.20675159,0.19434183,0.59890658
94300,19494,18326,56480,0.20672322,0.19433722,0.59893955
94400,19511,18340,56549,0.20668432,0.19427966,0.59903602
94500,19528,18362,56610,0.20664550,0.19430688,0.59904762
94600,19550,18383,56667,0.20665962,0.19432347,0.59901691
94700,19566,18395,56739,0.20661035,0.19424498,0.59914467
94800,19585,18414,56801,0.20659283,0.19424051,0.59916667
94900,19604,18431,56865,0.20657534,0.19421496,0.59920969
95000,19621,18460,56919,0.20653684,0.19431579,0.59914737
95100,19641,18475,56984,0.20652997,0.19426919,0.59920084
95200,19669,18493,57038,0.20660714,0.19425420,0.59913866
95300,19700,18515,57085,0.20671563,0.19428122,0.59900315
95400,19727,18539,57134,0.20678197,0.19432914,0.59888889
95500,19748,18557,57195,0.20678534,0.19431414,0.59890052
95600,19765,18578,57257,0.20674686,0.19433054,0.59892259
95700,19786,18601,57313,0.20675026,0.19436782,0.59888192
95800,19806,18624,57370,0.20674322,0.19440501,0.59885177
95900,19824,18649,57427,0.20671533,0.19446298,0.59882169
96000,19837,18674,57489,0.20663542,0.19452083,0.59884375
96100,19864,18691,57545,0.20670135,0.19449532,0.59880333
96200,19879,18711,57610,0.20664241,0.19450104,0.59885655
96300,19897,18722,57681,0.20661475,0.19441329,0.59897196
96400,19913,18744,57743,0.20656639,0.19443983,0.59899378
96500,19932,18762,57806,0.20654922,0.19442487,0.59902591
96600,19952,18780,57868,0.20654244,0.19440994,0.59904762
96700,19974,18796,57930,0.20655636,0.19437435,0.59906929
96800,19990,18820,57990,0.20650826,0.19442149,0.59907025
96900,20006,18843,58051,0.20646027,0.19445820,0.59908153
97000,20023,18862,58115,0.20642268,0.19445361,0.59912371
97100,20044,18881,58175,0.20642636,0.19444902,0.59912461
97200,20062,18901,58237,0.20639918,0.19445473,0.59914609
97300,20082,18914,58304,0.20639260,0.19438849,0.59921891
97400,20104,18936,58360,0.20640657,0.19441478,0.59917864
97500,20128,18958,58414,0.20644103,0.19444103,0.59911795
97600,20149,18980,58471,0.20644467,0.19446721,0.59908811
97700,20174,18994,58532,0.20648925,0.19441146,0.59909928
97800,20189,19025,58586,0.20643149,0.19452965,0.59903885
97900,20207,19059,58634,0.20640449,0.19467824,0.59891726
98000,20239,19078,58683,0.20652041,0.19467347,0.59880612
98100,20261,19098,58741,0.20653415,0.19467890,0.59878695
98200,20284,19119,58797,0.20655804,0.19469450,0.59874745
98300,20298,19141,58861,0.20649034,0.19472024,0.59878942
98400,20316,19159,58925,0.20646341,0.19470528,0.59883130
98500,20333,19178,58989,0.20642640,0.19470051,0.59887310
98600,20353,19193,59054,0.20641988,0.19465517,0.59892495
98700,20367,19213,59120,0.20635258,0.19466059,0.59898683
98800,20385,19236,59179,0.20632591,0.19469636,0.59897773
98900,20404,19252,59244,0.20630940,0.19466127,0.59902932
99000,20429,19268,59303,0.20635354,0.19462626,0.59902020
99100,20453,19285,59362,0.20638749,0.19460141,0.59901110
99200,20474,19307,59419,0.20639113,0.19462702,0.59898185
99300,20489,19331,59480,0.20633434,0.19467271,0.59899295
99400,20513,19348,59539,0.20636821,0.19464789,0.59898390
99500,20535,19364,59601,0.20638191,0.19461307,0.59900503
99600,20551,19393,59656,0.20633534,0.19470884,0.59895582
99700,20574,19415,59711,0.20635908,0.19473420,0.59890672
99800,20599,19433,59768,0.20640281,0.19471944,0.59887776
99900,20610,19452,59838,0.20630631,0.19471471,0.59897898
100000,20633,19473,59894,0.20633000,0.19473000,0.59894000
